{"materials":[{"id":-6184,"path":"Default UI Material","assetBundleId":-1,"data":["Default UI Material",30,28,3000,0,[["_StencilComp",8],["_Stencil",0],["_StencilOp",0],["_StencilWriteMask",255],["_StencilReadMask",255],["_ColorMask",15],["_UseUIAlphaClip",0]],[["_Color",1,1,1,1]],[["_MainTex_ST",1,1,0,0]],[["_MainTex",null,null]],[]]}],"prefabs":[{"id":25428,"path":"Assets/UI/ImageArtillery3.prefab","assetBundleId":-1,"components":[{"type":0,"id":25430,"data":[0.5,0.5,0.5,0.5,0.5,0.5,321.971008300781,224.496002197266,378.644012451172,-561.802001953125,0,0,0,0,1,1,1,1]},{"type":1,"id":25488,"data":[1]},{"type":2,"id":25460,"enabled":1,"class":3,"data":[4,25490,0,0,1,4,1,1,0,0,1,null,null,1,1,1,1,1,1,0,0,0,0]}],"children":[],"data":["ImageArtillery3",0,1,0,5]},{"id":25436,"path":"Assets/UI/ImageArtillery1.prefab","assetBundleId":-1,"components":[{"type":0,"id":25434,"data":[0.5,0.5,0.5,0.5,0.5,0.5,342.140014648438,224.494995117188,-368.559997558594,-552.765991210938,0,0,0,0,1,1,1,1]},{"type":1,"id":25482,"data":[1]},{"type":2,"id":25452,"enabled":1,"class":3,"data":[4,25484,0,0,1,4,1,1,0,0,1,null,null,1,1,1,1,1,1,0,0,0,0]}],"children":[],"data":["ImageArtillery1",0,1,0,5]},{"id":25454,"path":"Assets/UI/ImageArtillery2.prefab","assetBundleId":-1,"components":[{"type":0,"id":25444,"data":[0.5,0.5,0.5,0.5,0.5,0.5,309.864990234375,210.268005371094,2.66599988937378,-561.801025390625,0,0,0,0,1,1,1,1]},{"type":1,"id":25476,"data":[1]},{"type":2,"id":25446,"enabled":1,"class":3,"data":[4,25478,0,0,1,4,1,1,0,0,1,null,null,1,1,1,1,1,1,0,0,0,0]}],"children":[],"data":["ImageArtillery2",0,1,0,5]}],"scenes":[{"id":0,"name":"SampleScene","path":"Assets/Scenes/SampleScene.unity","assetBundleId":-1,"data":["SampleScene",0,1],"objects":[{"id":25706,"path":"Main Camera","assetBundleId":0,"components":[{"type":5,"id":25712,"data":[0,0,-10,1,1,1,0,0,0,1]},{"type":6,"id":25710,"data":[1,1.33333337306976,1,5,0,0,0,1,0.300000011920929,1000,60,-1,2,-1,[0,0,1,1],null,null,0,50,36,24,0,0,2,0,1]},{"type":7,"id":25708,"data":[]},{"type":8,"id":25714,"enabled":1,"class":9,"data":[10,25832,10,25580]}],"children":[],"data":["Main Camera",4,1,0,0]},{"id":25832,"path":"Canvas","assetBundleId":0,"components":[{"type":0,"id":25840,"data":[0,0,0,0,0,0,0,0,0,0,0,0,0,0,1,0,0,0]},{"type":11,"id":25838,"data":[1,100,100,0,0,0,"Default",0,1,null,null,0,0,0,0]},{"type":2,"id":25836,"enabled":1,"class":12,"data":[1,100,1,1080,1920,0,0.5,3,96,96,1,0]},{"type":2,"id":25834,"enabled":1,"class":13,"data":[1,0,-1]}],"children":[{"id":25990,"path":"Canvas","assetBundleId":0,"components":[{"type":0,"id":25992,"data":[0.5,0.5,0.5,0.5,0.5,0.5,1079.30004882813,1921.30004882813,-0.00731089990586042,0.00213850010186434,0,0,0,0,1,1,1,1]},{"type":1,"id":25996,"data":[1]},{"type":2,"id":25994,"enabled":1,"class":14,"data":[15,24832,0,0,1,1,null,null,1,1,1,1,1,1,0,0,0,0]}],"children":[{"id":25814,"path":"Canvas","assetBundleId":0,"components":[{"type":0,"id":25816,"data":[0.5,0.5,0.5,0.5,0.5,0.5,100,100,0,0,0,0,0,0,1,1,1,1]}],"children":[{"id":25666,"path":"Canvas","assetBundleId":0,"components":[{"type":0,"id":25668,"data":[0.5,0.5,0,0.114877127110958,0.338000029325485,0.280356645584106,334.8154296875,304.186859130859,-327.796356201172,-547.793334960938,0,0,0,0,1,1,1,1]},{"type":1,"id":25672,"data":[1]},{"type":2,"id":25670,"enabled":1,"class":3,"data":[4,25440,0,0,1,4,1,1,0,0,1,null,null,1,1,1,1,1,1,0,0,0,0]},{"type":8,"id":25674,"enabled":1,"class":16,"data":[3,25802,[17,25604,17,25574,17,25642,17,25958,17,25872,17,26074],18,25786,19,25848,19,25680]}],"children":[{"id":-5964,"path":"Canvas","assetBundleId":0,"components":[{"type":0,"id":25800,"data":[0.5,0.5,0.5,0.5,0.5,0.5,342.140014648438,224.494995117188,-1,19,0,0,0,0,1,1,1,1]},{"type":1,"id":-5966,"data":[1]},{"type":2,"id":25802,"enabled":1,"class":3,"data":[4,25484,0,0,1,4,1,1,0,0,1,null,null,1,1,1,1,1,1,0,0,0,0]}],"children":[],"data":["ImageArtillery1",0,0,0,5]},{"id":25600,"path":"Canvas","assetBundleId":0,"components":[{"type":0,"id":25602,"data":[0.5,0.5,0.5,0.5,0.5,0.5,82.7160034179688,97.0640029907227,55.8769989013672,19.6240005493164,0,0,0,0,1,2.29999995231628,2.29999995231628,2.29999995231628]},{"type":1,"id":25608,"data":[1]},{"type":2,"id":25606,"enabled":1,"class":3,"data":[4,25424,0,0,1,4,1,1,0,0,1,null,null,1,1,1,1,1,1,0,0,0,0]},{"type":8,"id":25604,"enabled":1,"class":17,"data":[5,90]}],"children":[],"data":["Hand",0,0,0,5]}],"data":["Atrillery1",0,1,0,5]},{"id":25764,"path":"Canvas","assetBundleId":0,"components":[{"type":0,"id":25766,"data":[0.5,0.5,0.327853053808212,0.114877127110958,0.682146966457367,0.303479552268982,342.652069091797,345.053588867188,5.00749206542969,-527.359619140625,0,0,0,0,1,1,1,1]},{"type":1,"id":25770,"data":[1]},{"type":2,"id":25768,"enabled":1,"class":3,"data":[4,25448,0,0,1,4,1,1,0,0,1,null,null,1,1,1,1,1,1,0,0,0,0]},{"type":8,"id":25772,"enabled":1,"class":16,"data":[3,26066,[17,25604,17,25574,17,25642,17,25958,17,25872,17,26074],18,25786,19,25970,19,25680]}],"children":[{"id":-5960,"path":"Canvas","assetBundleId":0,"components":[{"type":0,"id":26064,"data":[0.5,0.5,0.5,0.5,0.5,0.5,309.864990234375,210.268005371094,2.66599988937378,-651,0,0,0,0,1,1,1,1]},{"type":1,"id":-5962,"data":[1]},{"type":2,"id":26066,"enabled":1,"class":3,"data":[4,25478,0,0,1,4,1,1,0,0,1,null,null,1,1,1,1,1,1,0,0,0,0]}],"children":[],"data":["ImageArtillery2",0,0,0,5]},{"id":25570,"path":"Canvas","assetBundleId":0,"components":[{"type":0,"id":25572,"data":[0.5,0.5,0.5,0.5,0.5,0.5,80.0220031738281,100,59.9749984741211,1.4101505279541,0,0,0,0,1,2.30000019073486,2.30000019073486,2.30000019073486]},{"type":1,"id":25578,"data":[1]},{"type":2,"id":25576,"enabled":1,"class":3,"data":[4,25424,0,0,1,4,1,1,0,0,1,null,null,1,1,1,1,1,1,0,0,0,0]},{"type":8,"id":25574,"enabled":1,"class":17,"data":[5,90]}],"children":[],"data":["Hand",0,0,0,5]}],"data":["Atrillery2",0,1,0,5]},{"id":25914,"path":"Canvas","assetBundleId":0,"components":[{"type":0,"id":25916,"data":[0.5,0.5,0.672881722450256,0.125479519367218,1,0.303479552268982,338.914916992188,320.517425537109,338.12451171875,-522.029479980469,0,0,0,0,1,1,1,1]},{"type":1,"id":25920,"data":[1]},{"type":2,"id":25918,"enabled":1,"class":3,"data":[4,25458,0,0,1,4,1,1,0,0,1,null,null,1,1,1,1,1,1,0,0,0,0]},{"type":8,"id":25922,"enabled":1,"class":16,"data":[3,26062,[17,25604,17,25574,17,25642,17,25958,17,25872,17,26074],18,25786,19,26092,19,25680]}],"children":[{"id":-5968,"path":"Canvas","assetBundleId":0,"components":[{"type":0,"id":26060,"data":[0.5,0.5,0.5,0.5,0.5,0.5,321.971008300781,224.496002197266,378.644012451172,-561.802001953125,0,0,0,0,1,1,1,1]},{"type":1,"id":-5970,"data":[1]},{"type":2,"id":26062,"enabled":1,"class":3,"data":[4,25490,0,0,1,4,1,1,0,0,1,null,null,1,1,1,1,1,1,0,0,0,0]}],"children":[],"data":["ImageArtillery3",0,0,0,5]},{"id":25638,"path":"Canvas","assetBundleId":0,"components":[{"type":0,"id":25640,"data":[0.5,0.5,0.5,0.5,0.5,0.5,78.120002746582,100,28,-4.4501781463623,0,0,0,0,1,2.30000042915344,2.30000042915344,2.30000042915344]},{"type":1,"id":25646,"data":[1]},{"type":2,"id":25644,"enabled":1,"class":3,"data":[4,25424,0,0,1,4,1,1,0,0,1,null,null,1,1,1,1,1,1,0,0,0,0]},{"type":8,"id":25642,"enabled":1,"class":17,"data":[5,90]}],"children":[],"data":["Hand",0,0,0,5]}],"data":["Atrillery3",0,1,0,5]}],"data":["Icons",0,0,0,5]},{"id":25844,"path":"Canvas","assetBundleId":0,"components":[{"type":0,"id":25846,"data":[0.5,0.5,0.606322467327118,0.457233786582947,0.841367363929749,0.540561497211456,23.2269973754883,-7.24099731445313,-2.5,15.5,0,0,0,0,1,1,1,1]},{"type":1,"id":25856,"data":[1]},{"type":2,"id":25854,"enabled":1,"class":3,"data":[null,null,0,0,1,4,1,1,0,0,1,null,null,1,1,1,1,0,1,0,0,0,0]},{"type":20,"id":25852,"data":[0,0,218.905487060547,173.738418579102,0,1,1,0,1,-6.48725891113281,25.7263851165771,null,null]},{"type":21,"id":25850,"data":[0,null,null,0,0,1,0,0.0500000007450581,1,0,1,0]},{"type":8,"id":25848,"enabled":1,"class":19,"data":[]}],"children":[{"id":25590,"path":"Canvas","assetBundleId":0,"components":[{"type":0,"id":25592,"data":[0.5,0.5,0.5,0.5,0.5,0.5,100,100,-23,137,0,0,0,1,0,1,1,1]},{"type":1,"id":25598,"data":[1]},{"type":2,"id":25596,"enabled":1,"class":3,"data":[4,25426,0,0,1,4,1,1,0,0,1,null,null,1,1,1,1,1,1,0,0,0,0]},{"type":8,"id":25594,"enabled":1,"class":17,"data":[5,70]}],"children":[],"data":["Arrow",0,1,0,5]}],"data":["Spawn location1",0,0,0,5]},{"id":25966,"path":"Canvas","assetBundleId":0,"components":[{"type":0,"id":25968,"data":[0.5,0.5,0.462779581546783,0.492163866758347,0.711898028850555,0.571766257286072,8.22698974609375,-0.240997314453125,-2,-5.5,0,0,0,0,1,1,1,1]},{"type":1,"id":25978,"data":[1]},{"type":2,"id":25976,"enabled":1,"class":3,"data":[null,null,0,0,1,4,1,1,0,0,1,null,null,1,1,1,1,0,1,0,0,0,0]},{"type":20,"id":25974,"data":[0,0,218.905487060547,173.738418579102,0,1,1,0,1,-6.48725891113281,25.7263851165771,null,null]},{"type":21,"id":25972,"data":[0,null,null,0,0,1,0,0.0500000007450581,1,0,1,0]},{"type":8,"id":25970,"enabled":1,"class":19,"data":[]}],"children":[{"id":25900,"path":"Canvas","assetBundleId":0,"components":[{"type":0,"id":25902,"data":[0.5,0.5,0.5,0.5,0.5,0.5,100,100,-23,149,0,0,0,1,0,1,1,1]},{"type":1,"id":25908,"data":[1]},{"type":2,"id":25906,"enabled":1,"class":3,"data":[4,25426,0,0,1,4,1,1,0,0,1,null,null,1,1,1,1,1,1,0,0,0,0]},{"type":8,"id":25904,"enabled":1,"class":17,"data":[5,70]}],"children":[],"data":["Arrow",0,1,0,5]}],"data":["Spawn location2",0,0,0,5]},{"id":25676,"path":"Canvas","assetBundleId":0,"components":[{"type":0,"id":25678,"data":[0.5,0.5,0.262808233499527,0.398000031709671,0.5,0.475000023841858,21.2269897460938,4.75900268554688,-5.5,-10.5,0,0,0,0,1,1,1,1]},{"type":1,"id":25688,"data":[1]},{"type":2,"id":25686,"enabled":1,"class":3,"data":[null,null,0,0,1,4,1,1,0,0,1,null,null,1,1,1,1,0,1,0,0,0,0]},{"type":20,"id":25684,"data":[0,0,218.905487060547,173.738418579102,0,1,1,0,1,-6.48725891113281,25.7263851165771,null,null]},{"type":21,"id":25682,"data":[0,null,null,0,0,1,0,0.0500000007450581,1,0,1,0]},{"type":8,"id":25680,"enabled":1,"class":19,"data":[]}],"children":[{"id":26102,"path":"Canvas","assetBundleId":0,"components":[{"type":0,"id":26104,"data":[0.5,0.5,0.5,0.5,0.5,0.5,100,100,-23,149,0,0,0,1,0,1,1,1]},{"type":1,"id":26110,"data":[1]},{"type":2,"id":26108,"enabled":1,"class":3,"data":[4,25426,0,0,1,4,1,1,0,0,1,null,null,1,1,1,1,1,1,0,0,0,0]},{"type":8,"id":26106,"enabled":1,"class":17,"data":[5,70]}],"children":[],"data":["Arrow",0,1,0,5]}],"data":["Spawn location3",0,0,0,5]},{"id":26088,"path":"Canvas","assetBundleId":0,"components":[{"type":0,"id":26090,"data":[0.5,0.5,0.433808267116547,0.475000023841858,0.63967752456665,0.559274673461914,55.2269897460938,-9.24099731445313,6,3,0,0,0,0,1,1,1,1]},{"type":1,"id":26100,"data":[1]},{"type":2,"id":26098,"enabled":1,"class":3,"data":[null,null,0,0,1,4,1,1,0,0,1,null,null,1,1,1,1,0,1,0,0,0,0]},{"type":20,"id":26096,"data":[0,0,218.905487060547,173.738418579102,0,1,1,0,1,-6.48725891113281,25.7263851165771,null,null]},{"type":21,"id":26094,"data":[0,null,null,0,0,1,0,0.0500000007450581,1,0,1,0]},{"type":8,"id":26092,"enabled":1,"class":19,"data":[]}],"children":[{"id":25628,"path":"Canvas","assetBundleId":0,"components":[{"type":0,"id":25630,"data":[0.5,0.5,0.5,0.5,0.5,0.5,100,100,-23,149,0,0,0,1,0,1,1,1]},{"type":1,"id":25636,"data":[1]},{"type":2,"id":25634,"enabled":1,"class":3,"data":[4,25426,0,0,1,4,1,1,0,0,1,null,null,1,1,1,1,1,1,0,0,0,0]},{"type":8,"id":25632,"enabled":1,"class":17,"data":[5,70]}],"children":[],"data":["Arrow",0,1,0,5]}],"data":["Spawn location4",0,0,0,5]},{"id":25792,"path":"Canvas","assetBundleId":0,"components":[{"type":0,"id":25794,"data":[0.5,0.5,0.666559219360352,0.594520509243011,0.666559219360352,0.594520509243011,291.9580078125,82.984001159668,2.39999389648438,3.30000305175781,0,0,0,0,1,1,1,1]},{"type":1,"id":25798,"data":[1]},{"type":2,"id":25796,"enabled":1,"class":3,"data":[4,25450,0,0,1,4,1,1,0,0,1,null,null,1,1,1,1,1,1,0,0,0,0]}],"children":[{"id":25804,"path":"Canvas","assetBundleId":0,"components":[{"type":0,"id":25806,"data":[0.5,0.5,0.5,0.5,0.5,0.5,208.667007446289,263,100.699996948242,-118.099998474121,0,0,0,0,1,1,1,1]},{"type":1,"id":25812,"data":[1]},{"type":2,"id":25810,"enabled":1,"class":3,"data":[4,25424,0,0,1,4,1,1,0,0,1,null,null,1,1,1,1,1,1,0,0,0,0]},{"type":8,"id":25808,"enabled":1,"class":22,"data":[8,0.100000001490116,23,26054,18,25786,10,25792]}],"children":[],"data":["Image",0,1,0,5]},{"id":26050,"path":"Canvas","assetBundleId":0,"components":[{"type":0,"id":26052,"data":[0.5,0.5,0.5,0.5,0.5,0.5,291.959991455078,82.984001159668,-0.00051497999811545,0.0000934600029722787,0,0,0,0,1,1,1,1]},{"type":1,"id":26058,"data":[1]},{"type":2,"id":26056,"enabled":1,"class":3,"data":[4,672,1,0,1,4,1,1,0,0,1,null,null,1,1,1,1,0,1,0,0,0,0]},{"type":2,"id":26054,"enabled":1,"class":23,"data":[[[[]]],[3,0,null,null,null,null,null,null,null,null],1,[1,1,1,1,0.960784316062927,0.960784316062927,0.960784316062927,1,0.7843137383461,0.7843137383461,0.7843137383461,1,0.960784316062927,0.960784316062927,0.960784316062927,1,0.7843137383461,0.7843137383461,0.7843137383461,0.501960813999176,1,0.100000001490116],[null,null,null,null,null,null,null,null],["Normal","Highlighted","Pressed","Selected","Disabled"],1,3,26056]}],"children":[],"data":["Button (Legacy)",0,1,0,5]}],"data":["ImageUpgrade1",0,0,0,5]},{"id":26032,"path":"Canvas","assetBundleId":0,"components":[{"type":0,"id":26034,"data":[0.5,0.5,0.5,0.621000051498413,0.5,0.621000051498413,291.9580078125,82.984001159668,-3,-7,0,0,0,0,1,1,1,1]},{"type":1,"id":26038,"data":[1]},{"type":2,"id":26036,"enabled":1,"class":3,"data":[4,25450,0,0,1,4,1,1,0,0,1,null,null,1,1,1,1,1,1,0,0,0,0]}],"children":[{"id":25860,"path":"Canvas","assetBundleId":0,"components":[{"type":0,"id":25862,"data":[0.5,0.5,0.5,0.5,0.5,0.5,208.667007446289,263,100.699996948242,-118.099998474121,0,0,0,0,1,1,1,1]},{"type":1,"id":25868,"data":[1]},{"type":2,"id":25866,"enabled":1,"class":3,"data":[4,25424,0,0,1,4,1,1,0,0,1,null,null,1,1,1,1,1,1,0,0,0,0]},{"type":8,"id":25864,"enabled":1,"class":22,"data":[8,0.100000001490116,23,25778,18,25786,10,26032]}],"children":[],"data":["Image",0,1,0,5]},{"id":25774,"path":"Canvas","assetBundleId":0,"components":[{"type":0,"id":25776,"data":[0.5,0.5,0.5,0.5,0.5,0.5,291.959991455078,82.984001159668,-0.00051497999811545,0.0000934600029722787,0,0,0,0,1,1,1,1]},{"type":1,"id":25782,"data":[1]},{"type":2,"id":25780,"enabled":1,"class":3,"data":[4,672,1,0,1,4,1,1,0,0,1,null,null,1,1,1,1,0,1,0,0,0,0]},{"type":2,"id":25778,"enabled":1,"class":23,"data":[[[[]]],[3,0,null,null,null,null,null,null,null,null],1,[1,1,1,1,0.960784316062927,0.960784316062927,0.960784316062927,1,0.7843137383461,0.7843137383461,0.7843137383461,1,0.960784316062927,0.960784316062927,0.960784316062927,1,0.7843137383461,0.7843137383461,0.7843137383461,0.501960813999176,1,0.100000001490116],[null,null,null,null,null,null,null,null],["Normal","Highlighted","Pressed","Selected","Disabled"],1,3,25780]}],"children":[],"data":["Button (Legacy)",0,1,0,5]}],"data":["ImageUpgrade2",0,0,0,5]},{"id":25740,"path":"Canvas","assetBundleId":0,"components":[{"type":0,"id":25750,"data":[0.5,0.5,0.5,0.194672301411629,0.5,0.194672301411629,538.320007324219,261.449493408203,-2.95650005340576,-13.3632202148438,0,0,0,0,1,1,1,1]},{"type":1,"id":25748,"data":[1]},{"type":2,"id":25746,"enabled":1,"class":3,"data":[4,672,1,0,1,4,1,1,0,0,1,null,null,1,1,1,1,0,1,0,0,0,0]},{"type":2,"id":25742,"enabled":1,"class":23,"data":[[[[[24,25744,"ClickCta, Assembly-CSharp","Click",1,[null,null,"UnityEngine.Object, UnityEngine",0,0,"",0],2]]]],[3,0,null,null,null,null,null,null,null,null],1,[1,1,1,1,0.960784316062927,0.960784316062927,0.960784316062927,1,0.7843137383461,0.7843137383461,0.7843137383461,1,0.960784316062927,0.960784316062927,0.960784316062927,1,0.7843137383461,0.7843137383461,0.7843137383461,0.501960813999176,1,0.100000001490116],[null,null,null,null,null,null,null,null],["Normal","Highlighted","Pressed","Selected","Disabled"],1,3,25746]},{"type":8,"id":25744,"enabled":1,"class":24,"data":[]}],"children":[],"data":["Button (Legacy)",0,1,0,5]}],"data":["RawImage",0,1,0,5]}],"data":["Canvas",0,0,0,5]},{"id":25580,"path":"Canvas2","assetBundleId":0,"components":[{"type":0,"id":25588,"data":[0,0,0,0,0,0,0,0,0,0,0,0,0,0,1,0,0,0]},{"type":11,"id":25586,"data":[1,100,100,0,0,0,"Default",0,1,null,null,0,0,0,0]},{"type":2,"id":25584,"enabled":1,"class":12,"data":[1,100,1,1920,1080,0,0.5,3,96,96,1,0]},{"type":2,"id":25582,"enabled":1,"class":13,"data":[1,0,-1]}],"children":[{"id":25658,"path":"Canvas2","assetBundleId":0,"components":[{"type":0,"id":25660,"data":[0.5,0.5,0.5,0.5,0.5,0.5,1920,1080,-0.0000610349998169113,0,0,0,0,0,1,1,1,1]},{"type":1,"id":25664,"data":[1]},{"type":2,"id":25662,"enabled":1,"class":14,"data":[15,24834,0,0,1,1,null,null,1,1,1,1,1,1,0,0,0,0]}],"children":[{"id":25818,"path":"Canvas2","assetBundleId":0,"components":[{"type":0,"id":25820,"data":[0.5,0.5,0.5,0.5,0.5,0.5,100,100,-0.00726318359375,0.0020751953125,0,0,0,0,1,1,1,1]}],"children":[{"id":25716,"path":"Canvas2","assetBundleId":0,"components":[{"type":0,"id":25718,"data":[0.5,0.5,0,0.114877127110958,0.338000029325485,0.280356645584106,334.8154296875,304.186859130859,-311,-313,0,0,0,0,1,1,1,1]},{"type":1,"id":25724,"data":[1]},{"type":2,"id":25722,"enabled":1,"class":3,"data":[4,25440,0,0,1,4,1,1,0,0,1,null,null,1,1,1,1,1,1,0,0,0,0]},{"type":8,"id":25720,"enabled":1,"class":16,"data":[3,26000,[17,25958,17,25872,17,26074,17,25958,17,25872,17,26074],18,25786,19,25938,19,26126]}],"children":[{"id":-5956,"path":"Canvas2","assetBundleId":0,"components":[{"type":0,"id":25998,"data":[0.5,0.5,0.5,0.5,0.5,0.5,342.140014648438,224.494995117188,-1,19,0,0,0,0,1,1,1,1]},{"type":1,"id":-5958,"data":[1]},{"type":2,"id":26000,"enabled":1,"class":3,"data":[4,25484,0,0,1,4,1,1,0,0,1,null,null,1,1,1,1,1,1,0,0,0,0]}],"children":[],"data":["ImageArtillery1",0,0,0,5]},{"id":25956,"path":"Canvas2","assetBundleId":0,"components":[{"type":0,"id":25964,"data":[0.5,0.5,0.5,0.5,0.5,0.5,82.7160034179688,97.0640029907227,55.8769989013672,19.6240005493164,0,0,0,0,1,2.29999995231628,2.29999995231628,2.29999995231628]},{"type":1,"id":25962,"data":[1]},{"type":2,"id":25960,"enabled":1,"class":3,"data":[4,25424,0,0,1,4,1,1,0,0,1,null,null,1,1,1,1,1,1,0,0,0,0]},{"type":8,"id":25958,"enabled":1,"class":17,"data":[5,90]}],"children":[],"data":["Hand",0,0,0,5]}],"data":["Atrillery1",0,1,0,5]},{"id":25730,"path":"Canvas2","assetBundleId":0,"components":[{"type":0,"id":25732,"data":[0.5,0.5,0.327853053808212,0.114877127110958,0.682146966457367,0.303479552268982,342.652069091797,345.053588867188,7,-293,0,0,0,0,1,1,1,1]},{"type":1,"id":25738,"data":[1]},{"type":2,"id":25736,"enabled":1,"class":3,"data":[4,25448,0,0,1,4,1,1,0,0,1,null,null,1,1,1,1,1,1,0,0,0,0]},{"type":8,"id":25734,"enabled":1,"class":16,"data":[3,25728,[17,25958,17,25872,17,26074,17,25958,17,25872,17,26074],18,25786,19,26022,19,26126]}],"children":[{"id":-5952,"path":"Canvas2","assetBundleId":0,"components":[{"type":0,"id":25726,"data":[0.5,0.5,0.5,0.5,0.5,0.5,309.864990234375,210.268005371094,2.66599988937378,-561.801025390625,0,0,0,0,1,1,1,1]},{"type":1,"id":-5954,"data":[1]},{"type":2,"id":25728,"enabled":1,"class":3,"data":[4,25478,0,0,1,4,1,1,0,0,1,null,null,1,1,1,1,1,1,0,0,0,0]}],"children":[],"data":["ImageArtillery2",0,1,0,5]},{"id":25870,"path":"Canvas2","assetBundleId":0,"components":[{"type":0,"id":25878,"data":[0.5,0.5,0.5,0.5,0.5,0.5,80.0220031738281,100,59.9749984741211,1.4101505279541,0,0,0,0,1,2.30000019073486,2.30000019073486,2.30000019073486]},{"type":1,"id":25876,"data":[1]},{"type":2,"id":25874,"enabled":1,"class":3,"data":[4,25424,0,0,1,4,1,1,0,0,1,null,null,1,1,1,1,1,1,0,0,0,0]},{"type":8,"id":25872,"enabled":1,"class":17,"data":[5,90]}],"children":[],"data":["Hand",0,0,0,5]}],"data":["Atrillery2",0,1,0,5]},{"id":25890,"path":"Canvas2","assetBundleId":0,"components":[{"type":0,"id":25892,"data":[0.5,0.5,0.672881722450256,0.125479519367218,1,0.303479552268982,338.914916992188,320.517425537109,323,-286,0,0,0,0,1,1,1,1]},{"type":1,"id":25898,"data":[1]},{"type":2,"id":25896,"enabled":1,"class":3,"data":[4,25458,0,0,1,4,1,1,0,0,1,null,null,1,1,1,1,1,1,0,0,0,0]},{"type":8,"id":25894,"enabled":1,"class":16,"data":[3,25912,[17,25958,17,25872,17,26074,17,25958,17,25872,17,26074],18,25786,19,25618,19,26126]}],"children":[{"id":-5972,"path":"Canvas2","assetBundleId":0,"components":[{"type":0,"id":25910,"data":[0.5,0.5,0.5,0.5,0.5,0.5,321.971008300781,224.496002197266,378.644012451172,-561.802001953125,0,0,0,0,1,1,1,1]},{"type":1,"id":-5974,"data":[1]},{"type":2,"id":25912,"enabled":1,"class":3,"data":[4,25490,0,0,1,4,1,1,0,0,1,null,null,1,1,1,1,1,1,0,0,0,0]}],"children":[],"data":["ImageArtillery3",0,1,0,5]},{"id":26070,"path":"Canvas2","assetBundleId":0,"components":[{"type":0,"id":26072,"data":[0.5,0.5,0.5,0.5,0.5,0.5,78.120002746582,100,28,-4.4501781463623,0,0,0,0,1,2.30000042915344,2.30000042915344,2.30000042915344]},{"type":1,"id":26078,"data":[1]},{"type":2,"id":26076,"enabled":1,"class":3,"data":[4,25424,0,0,1,4,1,1,0,0,1,null,null,1,1,1,1,1,1,0,0,0,0]},{"type":8,"id":26074,"enabled":1,"class":17,"data":[5,90]}],"children":[],"data":["Hand",0,0,0,5]}],"data":["Atrillery3",0,1,0,5]}],"data":["Icons",0,0,0,5]},{"id":25934,"path":"Canvas2","assetBundleId":0,"components":[{"type":0,"id":25936,"data":[0.5,0.5,0.558000028133392,0.436148166656494,0.680000007152557,0.559274673461914,43.6248168945313,19.8626403808594,-6,-7,0,0,0,0,1,1,1,1]},{"type":1,"id":25946,"data":[1]},{"type":2,"id":25944,"enabled":1,"class":3,"data":[null,null,0,0,1,4,1,1,0,0,1,null,null,1,1,1,1,0,1,0,0,0,0]},{"type":20,"id":25942,"data":[0,0,218.905487060547,173.738418579102,0,1,1,0,1,-6.48725891113281,25.7263851165771,null,null]},{"type":21,"id":25940,"data":[0,null,null,0,0,1,0,0.0500000007450581,1,0,1,0]},{"type":8,"id":25938,"enabled":1,"class":19,"data":[]}],"children":[{"id":25980,"path":"Canvas2","assetBundleId":0,"components":[{"type":0,"id":25982,"data":[0.5,0.5,0.5,0.5,0.5,0.5,100,100,-23,137,0,0,0,1,0,1,1,1]},{"type":1,"id":25988,"data":[1]},{"type":2,"id":25986,"enabled":1,"class":3,"data":[4,25426,0,0,1,4,1,1,0,0,1,null,null,1,1,1,1,1,1,0,0,0,0]},{"type":8,"id":25984,"enabled":1,"class":17,"data":[5,70]}],"children":[],"data":["Arrow",0,1,0,5]}],"data":["Spawn location1",0,0,0,5]},{"id":26018,"path":"Canvas2","assetBundleId":0,"components":[{"type":0,"id":26020,"data":[0.5,0.5,0.5,0.5,0.63967752456665,0.638629615306854,9.7930908203125,1.72848510742188,12,-2.5,0,0,0,0,1,1,1,1]},{"type":1,"id":26030,"data":[1]},{"type":2,"id":26028,"enabled":1,"class":3,"data":[null,null,0,0,1,4,1,1,0,0,1,null,null,1,1,1,1,0,1,0,0,0,0]},{"type":20,"id":26026,"data":[0,0,218.905487060547,173.738418579102,0,1,1,0,1,-6.48725891113281,25.7263851165771,null,null]},{"type":21,"id":26024,"data":[0,null,null,0,0,1,0,0.0500000007450581,1,0,1,0]},{"type":8,"id":26022,"enabled":1,"class":19,"data":[]}],"children":[{"id":26040,"path":"Canvas2","assetBundleId":0,"components":[{"type":0,"id":26042,"data":[0.5,0.5,0.5,0.5,0.5,0.5,100,100,-23,149,0,0,0,1,0,1,1,1]},{"type":1,"id":26048,"data":[1]},{"type":2,"id":26046,"enabled":1,"class":3,"data":[4,25426,0,0,1,4,1,1,0,0,1,null,null,1,1,1,1,1,1,0,0,0,0]},{"type":8,"id":26044,"enabled":1,"class":17,"data":[5,70]}],"children":[],"data":["Arrow",0,1,0,5]}],"data":["Spawn location2",0,0,0,5]},{"id":26122,"path":"Canvas2","assetBundleId":0,"components":[{"type":0,"id":26124,"data":[0.5,0.5,0.39262518286705,0.341629654169083,0.5,0.466703742742538,71.8198852539063,17.5390930175781,-6,-5,0,0,0,0,1,1,1,1]},{"type":1,"id":26134,"data":[1]},{"type":2,"id":26132,"enabled":1,"class":3,"data":[null,null,0,0,1,4,1,1,0,0,1,null,null,1,1,1,1,0,1,0,0,0,0]},{"type":20,"id":26130,"data":[0,0,218.905487060547,173.738418579102,0,1,1,0,1,-6.48725891113281,25.7263851165771,null,null]},{"type":21,"id":26128,"data":[0,null,null,0,0,1,0,0.0500000007450581,1,0,1,0]},{"type":8,"id":26126,"enabled":1,"class":19,"data":[]}],"children":[{"id":25822,"path":"Canvas2","assetBundleId":0,"components":[{"type":0,"id":25824,"data":[0.5,0.5,0.5,0.5,0.5,0.5,100,100,-23,149,0,0,0,1,0,1,1,1]},{"type":1,"id":25830,"data":[1]},{"type":2,"id":25828,"enabled":1,"class":3,"data":[4,25426,0,0,1,4,1,1,0,0,1,null,null,1,1,1,1,1,1,0,0,0,0]},{"type":8,"id":25826,"enabled":1,"class":17,"data":[5,70]}],"children":[],"data":["Arrow",0,1,0,5]}],"data":["Spawn location3",0,0,0,5]},{"id":25614,"path":"Canvas2","assetBundleId":0,"components":[{"type":0,"id":25616,"data":[0.5,0.5,0.457562536001205,0.466703742742538,0.574125289916992,0.588851869106293,56.1526489257813,20.6592102050781,11,-9.5,0,0,0,0,1,1,1,1]},{"type":1,"id":25626,"data":[1]},{"type":2,"id":25624,"enabled":1,"class":3,"data":[null,null,0,0,1,4,1,1,0,0,1,null,null,1,1,1,1,0,1,0,0,0,0]},{"type":20,"id":25622,"data":[0,0,218.905487060547,173.738418579102,0,1,1,0,1,-6.48725891113281,25.7263851165771,null,null]},{"type":21,"id":25620,"data":[0,null,null,0,0,1,0,0.0500000007450581,1,0,1,0]},{"type":8,"id":25618,"enabled":1,"class":19,"data":[]}],"children":[{"id":25880,"path":"Canvas2","assetBundleId":0,"components":[{"type":0,"id":25882,"data":[0.5,0.5,0.5,0.5,0.5,0.5,100,100,-23,149,0,0,0,1,0,1,1,1]},{"type":1,"id":25888,"data":[1]},{"type":2,"id":25886,"enabled":1,"class":3,"data":[4,25426,0,0,1,4,1,1,0,0,1,null,null,1,1,1,1,1,1,0,0,0,0]},{"type":8,"id":25884,"enabled":1,"class":17,"data":[5,70]}],"children":[],"data":["Arrow",0,1,0,5]}],"data":["Spawn location4",0,0,0,5]},{"id":26114,"path":"Canvas2","assetBundleId":0,"components":[{"type":0,"id":26116,"data":[0.5,0.5,0.596000015735626,0.671111166477203,0.596000015735626,0.671111166477203,291.9580078125,82.984001159668,2,-0.177734375,0,0,0,0,1,1,1,1]},{"type":1,"id":26120,"data":[1]},{"type":2,"id":26118,"enabled":1,"class":3,"data":[4,25450,0,0,1,4,1,1,0,0,1,null,null,1,1,1,1,1,1,0,0,0,0]}],"children":[{"id":25648,"path":"Canvas2","assetBundleId":0,"components":[{"type":0,"id":25650,"data":[0.5,0.5,0.5,0.5,0.5,0.5,208.667007446289,263,100.699996948242,-118.099998474121,0,0,0,0,1,1,1,1]},{"type":1,"id":25656,"data":[1]},{"type":2,"id":25654,"enabled":1,"class":3,"data":[4,25424,0,0,1,4,1,1,0,0,1,null,null,1,1,1,1,1,1,0,0,0,0]},{"type":8,"id":25652,"enabled":1,"class":22,"data":[8,0.100000001490116,23,25928,18,25786,10,26114]}],"children":[],"data":["Image",0,1,0,5]},{"id":25924,"path":"Canvas2","assetBundleId":0,"components":[{"type":0,"id":25926,"data":[0.5,0.5,0.5,0.5,0.5,0.5,291.959991455078,82.984001159668,-0.00051497999811545,0.0000934600029722787,0,0,0,0,1,1,1,1]},{"type":1,"id":25932,"data":[1]},{"type":2,"id":25930,"enabled":1,"class":3,"data":[4,672,1,0,1,4,1,1,0,0,1,null,null,1,1,1,1,0,1,0,0,0,0]},{"type":2,"id":25928,"enabled":1,"class":23,"data":[[[[]]],[3,0,null,null,null,null,null,null,null,null],1,[1,1,1,1,0.960784316062927,0.960784316062927,0.960784316062927,1,0.7843137383461,0.7843137383461,0.7843137383461,1,0.960784316062927,0.960784316062927,0.960784316062927,1,0.7843137383461,0.7843137383461,0.7843137383461,0.501960813999176,1,0.100000001490116],[null,null,null,null,null,null,null,null],["Normal","Highlighted","Pressed","Selected","Disabled"],1,3,25930]}],"children":[],"data":["Button (Legacy)",0,1,0,5]}],"data":["ImageUpgrade1",0,0,0,5]},{"id":26080,"path":"Canvas2","assetBundleId":0,"components":[{"type":0,"id":26082,"data":[0.5,0.5,0.5,0.621000051498413,0.5,0.621000051498413,291.9580078125,82.984001159668,-3.00726318359375,94.7994384765625,0,0,0,0,1,1,1,1]},{"type":1,"id":26086,"data":[1]},{"type":2,"id":26084,"enabled":1,"class":3,"data":[4,25450,0,0,1,4,1,1,0,0,1,null,null,1,1,1,1,1,1,0,0,0,0]}],"children":[{"id":25696,"path":"Canvas2","assetBundleId":0,"components":[{"type":0,"id":25698,"data":[0.5,0.5,0.5,0.5,0.5,0.5,208.667007446289,263,100.699996948242,-118.099998474121,0,0,0,0,1,1,1,1]},{"type":1,"id":25704,"data":[1]},{"type":2,"id":25702,"enabled":1,"class":3,"data":[4,25424,0,0,1,4,1,1,0,0,1,null,null,1,1,1,1,1,1,0,0,0,0]},{"type":8,"id":25700,"enabled":1,"class":22,"data":[8,0.100000001490116,23,26006,18,25786,10,26080]}],"children":[],"data":["Image",0,1,0,5]},{"id":26002,"path":"Canvas2","assetBundleId":0,"components":[{"type":0,"id":26004,"data":[0.5,0.5,0.5,0.5,0.5,0.5,291.959991455078,82.984001159668,-0.00051497999811545,0.0000934600029722787,0,0,0,0,1,1,1,1]},{"type":1,"id":26010,"data":[1]},{"type":2,"id":26008,"enabled":1,"class":3,"data":[4,672,1,0,1,4,1,1,0,0,1,null,null,1,1,1,1,0,1,0,0,0,0]},{"type":2,"id":26006,"enabled":1,"class":23,"data":[[[[]]],[3,0,null,null,null,null,null,null,null,null],1,[1,1,1,1,0.960784316062927,0.960784316062927,0.960784316062927,1,0.7843137383461,0.7843137383461,0.7843137383461,1,0.960784316062927,0.960784316062927,0.960784316062927,1,0.7843137383461,0.7843137383461,0.7843137383461,0.501960813999176,1,0.100000001490116],[null,null,null,null,null,null,null,null],["Normal","Highlighted","Pressed","Selected","Disabled"],1,3,26008]}],"children":[],"data":["Button (Legacy)",0,1,0,5]}],"data":["ImageUpgrade2",0,0,0,5]},{"id":25752,"path":"Canvas2","assetBundleId":0,"components":[{"type":0,"id":25762,"data":[0.5,0.5,0.5,0.166666656732559,0.5,0.166666656732559,451.263610839844,177.838302612305,-2.20650005340576,7.92950010299683,0,0,0,0,1,1,1,1]},{"type":1,"id":25760,"data":[1]},{"type":2,"id":25758,"enabled":1,"class":3,"data":[4,672,1,0,1,4,1,1,0,0,1,null,null,1,1,1,1,0,1,0,0,0,0]},{"type":2,"id":25754,"enabled":1,"class":23,"data":[[[[[24,25756,"ClickCta, Assembly-CSharp","Click",1,[null,null,"UnityEngine.Object, UnityEngine",0,0,"",0],2]]]],[3,0,null,null,null,null,null,null,null,null],1,[1,1,1,1,0.960784316062927,0.960784316062927,0.960784316062927,1,0.7843137383461,0.7843137383461,0.7843137383461,1,0.960784316062927,0.960784316062927,0.960784316062927,1,0.7843137383461,0.7843137383461,0.7843137383461,0.501960813999176,1,0.100000001490116],[null,null,null,null,null,null,null,null],["Normal","Highlighted","Pressed","Selected","Disabled"],1,3,25758]},{"type":8,"id":25756,"enabled":1,"class":24,"data":[]}],"children":[],"data":["Button (Legacy)",0,1,0,5]}],"data":["RawImage",0,1,0,5]}],"data":["Canvas2",0,0,0,5]},{"id":25948,"path":"EventSystem","assetBundleId":0,"components":[{"type":5,"id":25954,"data":[0,0,0,1,1,1,0,0,0,1]},{"type":2,"id":25952,"enabled":1,"class":25,"data":[null,null,1,10]},{"type":2,"id":25950,"enabled":1,"class":26,"data":["Horizontal","Vertical","Submit","Cancel",10,0.5,0,1]}],"children":[],"data":["EventSystem",0,1,0,0]},{"id":26012,"path":"VideoPlayer","assetBundleId":0,"components":[{"type":5,"id":26016,"data":[0,0,0,1,1,1,0,0,0,1]},{"type":27,"id":26014,"data":[1,0,28,25462,"",1,0,2,15,24832,null,null,"",1]}],"children":[],"data":["VideoPlayer",0,1,0,0]},{"id":25690,"path":"VideoPlayer2","assetBundleId":0,"components":[{"type":5,"id":25694,"data":[0,0,0,1,1,1,0,0,0,1]},{"type":27,"id":25692,"data":[1,0,28,25442,"",1,0,2,15,24834,null,null,"",1]}],"children":[],"data":["VideoPlayer2",0,1,0,0]},{"id":25784,"path":"TimeController","assetBundleId":0,"components":[{"type":5,"id":25788,"data":[0,0,0,1,1,1,0,0,0,1]},{"type":8,"id":25786,"enabled":1,"class":18,"data":[29,25790,27,26014,27,25692,9,25714,17,25604,17,25958,17,25574,17,25872,17,25642,17,26074,10,25792,10,26114,10,26032,10,26080,16,25674,16,25720,16,25772,16,25734,16,25922,16,25894,[19,25848,19,25970,19,25680,19,26092,19,25938,19,26022,19,26126,19,25618]]},{"type":8,"id":25790,"enabled":1,"class":29,"data":[10,25814,10,25818,23,25742,23,25754]}],"children":[],"data":["TimeController",0,1,0,0]}],"render_settings":{"data":[1,1,3,0.211999997496605,0.226999998092651,0.25900000333786,1,0.211999997496605,0.226999998092651,0.25900000333786,1,0.0469999983906746,0.0430000014603138,0.0350000001490116,1,0.114000000059605,0.125,0.133000001311302,1,0.5,0.5,0.5,1,300,0,0.00999999977648258,0,null,null,3,[],[[0,0],[0,0],[0,0],[0,0],[0,0],[0,0]],1,2,1,[0.03696759,0,0,0,0,0,0,0,0,0.04214946,0,0,0,0,0,0,0,0,0.05455384,0,0,0,0,0,0,0,0],[0,0,0,0,0,0,0,0,0,0,0,0,0,0,0,0,0,0,0,0,0,0,0,0,0,0,0],0,null,null,null,null,0,128,0,4,0,0,1]},"shaders":[48,32,28]}],"shaders":[{"id":32,"assetBundleId":-1,"data":[[],"Hidden/InternalErrorShader",null,[],[[0,0,"",0,"",0,[4,null],[1,null],[2,null],[[1,null],[0,null],[0,null]],[[1,null],[0,null],[0,null]],[15,null],[0,null],[0,null],[0,null],[255,null],[255,null],[[0,null],[0,null],[0,null],[8,null]],[[0,null],[0,null],[0,null],[8,null]],[[0,null],[0,null],[0,null],[8,null]],[],[],[],[],[],0]],[],[],null,null,0,0,0]}],"videos":[{"id":25442,"path":"Assets/Видео без названия — сделано в Clipchamp (6).mp4","assetBundleId":-1,"data":["Видео без названия — сделано в Clipchamp (6)",1920,1080,30,"907"],"ext":".mp4"},{"id":25462,"path":"Assets/Видео без названия — сделано в Clipchamp (3) (3) (1).mp4","assetBundleId":-1,"data":["Видео без названия — сделано в Clipchamp (3) (3) (1)",1080,1920,30,"911"],"ext":".mp4"}],"sprites":[{"id":25424,"path":"Assets/Sprites/Снимок экрана 2025-04-05 162541.png","assetBundleId":-1,"data":["Снимок экрана 2025-04-05 162541",31,25464,[0.01500002,0.01000002,0,0.59,0.84,0],[0.305,0.85,0,0.7259259,1,0.605,-0.83,0,0.9481481,0.01176471,0.605,0.25,0,0.9481481,0.6470588,-0.015,-0.83,0,0.4888889,0.01176471,-0.575,0.85,0,0.07407407,1,-0.575,-0.57,0,0.07407407,0.1647059],[5,4,3,0,3,4,1,3,0,2,1,0],-0.000563854060601443,-0.000252399506280199,0.999436140060425,0.999747574329376,0.0740740746259689,0.0117647061124444,0.948148131370544,1,0,0,0,0,[0,0,0,0],[-0.675,-0.85,0.675,0.85],100,135,170,135,170,67.5,85,10.0761203765869,2.04290795326233]},{"id":25448,"path":"Assets/Sprites/2,,.png","assetBundleId":-1,"data":["2,,",31,25470,[0.065,-0.15,0,1.14,0.84,0],[0.605,-0.83,0,0.7510374,0.1327434,0.655,-0.84,0,0.7717842,0.1283186,0.655,-0.83,0,0.7717842,0.1327434,0.595,-0.84,0,0.746888,0.1283186,0.665,-0.83,0,0.7759336,0.1327434,0.715,-0.84,0,0.7966805,0.1283186,0.885,-0.83,0,0.8672199,0.1327434,0.665,-0.84,0,0.7759336,0.1283186,1.035,-0.82,0,0.9294606,0.1371681,1.055,-0.82,0,0.9377593,0.1371681,1.055,-0.8,0,0.9377593,0.1460177,1.025,-0.82,0,0.9253112,0.1371681,1.005,-0.81,0,0.9170125,0.1415929,1.055,-0.01,0,0.9377593,0.4955752,1.045,-0.02,0,0.93361,0.4911504,1.055,-0.03,0,0.9377593,0.4867257,1.055,0.69,0,0.9377593,0.8053097,1.025,-0.74,0,0.9253112,0.1725664,1.005,-0.79,0,0.9170125,0.1504425,-1.075,0.69,0,0.05394188,0.8053097,-1.075,-0.84,0,0.05394188,0.1283186,1.065,0,0,0.9419087,0.5,1.095,-0.04,0,0.9543568,0.4823009,1.095,-0.01,0,0.9543568,0.4955752,1.065,-0.05,0,0.9419087,0.4778761,1.055,-0.74,0,0.9377593,0.1725664,1.065,-0.74,0,0.9419087,0.1725664,1.075,-0.78,0,0.9460581,0.1548673,1.075,-0.75,0,0.9460581,0.1681416,1.205,-0.83,0,1,0.1327434,0.995,-0.99,0,0.9128631,0.0619469,1.205,-0.99,0,1,0.0619469,0.685,-0.96,0,0.7842324,0.07522124,0.665,-0.86,0,0.7759336,0.119469,0.665,-0.91,0,0.7759336,0.09734514,0.645,-0.88,0,0.7676349,0.1106195,0.595,-0.88,0,0.746888,0.1106195,0.585,-0.85,0,0.7427386,0.1238938,1.175,-0.08,0,0.9875519,0.4646018,1.205,-0.15,0,1,0.4336283,1.205,-0.08,0,1,0.4646018,1.165,-0.15,0,0.9834025,0.4336283,1.155,-0.09,0,0.9792531,0.460177,1.155,-0.13,0,0.9792531,0.4424779,1.135,-0.03,0,0.9709544,0.4867257,1.155,-0.05,0,0.9792531,0.4778761,1.125,-0.1,0,0.966805,0.4557522,1.105,-0.04,0,0.9585062,0.4823009,1.105,-0.08,0,0.9585062,0.4646018],[48,47,46,44,46,47,42,46,44,45,42,44,43,42,41,38,41,42,39,41,38,40,39,38,37,3,36,35,36,3,1,35,3,33,35,1,34,33,32,7,32,33,5,32,7,30,32,5,6,30,5,29,30,6,31,30,29,10,25,27,26,27,25,28,27,26,17,14,25,15,25,14,12,18,11,17,11,18,8,11,17,25,8,17,10,8,25,15,13,24,21,24,13,22,24,21,23,22,21,20,19,3,16,3,19,0,3,16,2,0,16,1,2,16,4,1,16,7,1,4,6,4,16,18,6,16,12,6,18,17,18,16,14,17,16,13,14,16,15,14,13,12,11,6,9,6,11,8,9,11,10,9,8,7,4,5,6,5,4,3,0,1,2,1,0],-0.000111031207779888,-0.000336816068738699,0.999888956546783,0.999663174152374,0.0539418756961823,0.0619469024240971,1,0.80530971288681,0,0,0,0,[0,0,0,0],[-1.205,-1.13,1.205,1.13],100,241,226,241,226,120.5,113,13.0267505645752,14.0761203765869]},{"id":25426,"path":"Assets/Sprites/up.png","assetBundleId":-1,"data":["up",31,25466,[0,0,0,6.4,6.4,0],[-6.36,0.6,0,0.003125,0.546875,-6.38,-0.11,0,0.0015625,0.4914063,-6.36,-0.15,0,0.003125,0.4882813,-6.4,0.53,0,0,0.5414063,-6.4,-0.08,0,0,0.49375,-6.29,0.75,0,0.00859375,0.5585938,-6.26,-0.32,0,0.0109375,0.475,-6.26,0.77,0,0.0109375,0.5601562,-6.31,-0.26,0,0.00703125,0.4796875,-6.32,0.69,0,0.00625,0.5539063,-6.32,-0.24,0,0.00625,0.48125,-6.34,0.67,0,0.0046875,0.5523437,-6.34,-0.22,0,0.0046875,0.4828125,-6.36,0.62,0,0.003125,0.5484375,-6.36,-0.17,0,0.003125,0.4867187,-6.26,0.78,0,0.0109375,0.5609375,-6.22,-0.37,0,0.0140625,0.4710937,-6.22,0.82,0,0.0140625,0.5640625,-6.26,-0.33,0,0.0109375,0.4742188,6.22,0.83,0,0.9859375,0.5648438,6.22,-0.37,0,0.9859375,0.4710937,6.22,0.82,0,0.9859375,0.5640625,6.22,-0.38,0,0.9859375,0.4703125,6.12,-0.48,0,0.978125,0.4625,6.11,-0.48,0,0.9773437,0.4625,6.1,0.95,0,0.9765625,0.5742188,6.09,0.95,0,0.9757813,0.5742188,6.03,-0.55,0,0.9710938,0.4570313,6.01,-0.57,0,0.9695312,0.4554687,5.98,-0.58,0,0.9671875,0.4546875,5.96,-0.6,0,0.965625,0.453125,5.91,-0.62,0,0.9617187,0.4515625,5.89,-0.62,0,0.9601563,0.4515625,5.87,-0.64,0,0.9585937,0.45,5.85,-0.64,0,0.9570313,0.45,5.84,1.2,0,0.95625,0.59375,5.83,1.2,0,0.9554688,0.59375,5.82,-0.66,0,0.9546875,0.4484375,5.76,-0.67,0,0.95,0.4476562,5.75,-0.68,0,0.9492188,0.446875,5.68,-0.69,0,0.94375,0.4460937,5.67,-0.7,0,0.9429687,0.4453125,5.6,1.43,0,0.9375,0.6117188,5.6,-0.7,0,0.9375,0.4453125,5.59,1.43,0,0.9367188,0.6117188,5.59,-0.69,0,0.9367188,0.4460937,5.57,-0.71,0,0.9351562,0.4445313,5.36,1.66,0,0.91875,0.6296875,5.35,1.66,0,0.9179688,0.6296875,5.12,1.89,0,0.9,0.6476563,5.11,1.89,0,0.8992187,0.6476563,4.86,2.14,0,0.8796875,0.6671875,4.85,2.14,0,0.8789063,0.6671875,4.62,2.37,0,0.8609375,0.6851562,4.61,2.37,0,0.8601562,0.6851562,4.38,2.6,0,0.8421875,0.703125,4.37,2.6,0,0.8414062,0.703125,4.14,2.83,0,0.8234375,0.7210938,4.13,2.83,0,0.8226563,0.7210938,3.88,3.08,0,0.803125,0.740625,3.87,3.08,0,0.8023437,0.740625,3.64,3.31,0,0.784375,0.7585937,3.63,3.31,0,0.7835938,0.7585937,3.4,3.54,0,0.765625,0.7765625,3.39,3.54,0,0.7648438,0.7765625,3.14,3.79,0,0.7453125,0.7960938,3.13,3.79,0,0.7445313,0.7960938,2.9,4.02,0,0.7265625,0.8140625,2.89,4.02,0,0.7257813,0.8140625,2.77,-0.71,0,0.7164062,0.4445313,2.76,-5.61,0,0.715625,0.06171875,2.77,-5.6,0,0.7164062,0.0625,2.75,-5.69,0,0.7148438,0.05546875,2.76,-5.68,0,0.715625,0.05625,2.74,-5.73,0,0.7140625,0.05234375,2.75,-5.72,0,0.7148438,0.053125,2.72,-5.8,0,0.7125,0.046875,2.74,-5.77,0,0.7140625,0.04921875,2.66,4.25,0,0.7078125,0.8320313,2.72,-5.83,0,0.7125,0.04453125,2.65,4.25,0,0.7070313,0.8320313,2.64,-6,0,0.70625,0.03125,2.6,-6.04,0,0.703125,0.028125,2.56,-6.09,0,0.7,0.02421875,2.6,-6.05,0,0.703125,0.02734375,2.43,-6.23,0,0.6898438,0.01328125,2.56,-6.1,0,0.7,0.0234375,2.42,-6.23,0,0.6890625,0.01328125,2.4,4.5,0,0.6875,0.8515625,2.39,4.5,0,0.6867188,0.8515625,2.35,-6.3,0,0.6835938,0.0078125,2.3,-6.32,0,0.6796875,0.00625,2.28,-6.34,0,0.678125,0.0046875,2.19,-6.38,0,0.6710938,0.0015625,2.17,-6.38,0,0.6695312,0.0015625,2.16,4.73,0,0.66875,0.8695313,2.15,4.73,0,0.6679688,0.8695313,2.14,-6.4,0,0.6671875,0,1.92,4.96,0,0.65,0.8875,1.91,4.96,0,0.6492187,0.8875,1.68,5.19,0,0.63125,0.9054688,1.67,5.19,0,0.6304687,0.9054688,1.42,5.44,0,0.6109375,0.925,1.41,5.44,0,0.6101562,0.925,1.18,5.67,0,0.5921875,0.9429687,1.17,5.67,0,0.5914062,0.9429687,0.94,5.9,0,0.5734375,0.9609375,0.93,5.9,0,0.5726563,0.9609375,0.7,6.13,0,0.5546875,0.9789063,0.69,6.13,0,0.5539063,0.9789063,0.58,6.24,0,0.5453125,0.9875,0.57,6.24,0,0.5445312,0.9875,0.53,6.28,0,0.5414063,0.990625,0.52,6.28,0,0.540625,0.990625,0.48,6.32,0,0.5375,0.99375,0.43,6.34,0,0.5335938,0.9953125,0.4,6.36,0,0.53125,0.996875,0.38,6.36,0,0.5296875,0.996875,0.35,6.38,0,0.5273438,0.9984375,0.33,6.38,0,0.5257813,0.9984375,0.29,6.4,0,0.5226563,1,-0.29,6.4,0,0.4773437,1,-0.33,6.38,0,0.4742188,0.9984375,-0.35,6.38,0,0.4726563,0.9984375,-0.38,6.36,0,0.4703125,0.996875,-0.4,6.36,0,0.46875,0.996875,-0.43,6.34,0,0.4664063,0.9953125,-0.48,6.32,0,0.4625,0.99375,-0.5,6.3,0,0.4609375,0.9921875,-0.54,6.28,0,0.4578125,0.990625,-0.57,6.24,0,0.4554687,0.9875,-0.58,6.24,0,0.4546875,0.9875,-0.67,6.15,0,0.4476562,0.9804688,-0.68,6.15,0,0.446875,0.9804688,-0.91,5.92,0,0.4289063,0.9625,-0.92,5.92,0,0.428125,0.9625,-1.17,5.67,0,0.4085937,0.9429687,-1.18,5.67,0,0.4078125,0.9429687,-1.41,5.44,0,0.3898438,0.925,-1.42,5.44,0,0.3890625,0.925,-1.65,5.21,0,0.3710938,0.9070312,-1.66,5.21,0,0.3703125,0.9070312,-1.91,4.96,0,0.3507813,0.8875,-1.92,4.96,0,0.35,0.8875,-2.14,-6.4,0,0.3328125,0,-2.15,4.73,0,0.3320313,0.8695313,-2.16,4.73,0,0.33125,0.8695313,-2.17,-6.38,0,0.3304687,0.0015625,-2.19,-6.38,0,0.3289062,0.0015625,-2.3,-6.33,0,0.3203125,0.00546875,-2.32,-6.31,0,0.31875,0.00703125,-2.35,-6.3,0,0.3164063,0.0078125,-2.37,-6.27,0,0.3148437,0.01015625,-2.38,-6.27,0,0.3140625,0.01015625,-2.39,4.5,0,0.3132812,0.8515625,-2.4,4.5,0,0.3125,0.8515625,-2.42,-6.23,0,0.3109375,0.01328125,-2.43,-6.23,0,0.3101563,0.01328125,-2.56,-6.09,0,0.3,0.02421875,-2.6,-6.06,0,0.296875,0.0265625,-2.62,-6.02,0,0.2953125,0.0296875,-2.64,-6,0,0.29375,0.03125,-2.65,4.25,0,0.2929688,0.8320313,-2.66,4.25,0,0.2921875,0.8320313,-2.66,-5.95,0,0.2921875,0.03515625,-2.68,-5.9,0,0.290625,0.0390625,-2.7,-5.85,0,0.2890625,0.04296875,-2.72,-5.8,0,0.2875,0.046875,-2.74,-5.73,0,0.2859375,0.05234375,-2.75,-5.62,0,0.2851563,0.0609375,-2.77,-0.71,0,0.2835937,0.4445313,-2.89,4.02,0,0.2742187,0.8140625,-2.9,4.02,0,0.2734375,0.8140625,-3.13,3.79,0,0.2554688,0.7960938,-3.14,3.79,0,0.2546875,0.7960938,-3.37,3.56,0,0.2367187,0.778125,-3.38,3.56,0,0.2359375,0.778125,-3.63,3.31,0,0.2164063,0.7585937,-3.64,3.31,0,0.215625,0.7585937,-3.87,3.08,0,0.1976562,0.740625,-3.88,3.08,0,0.196875,0.740625,-4.11,2.85,0,0.1789062,0.7226563,-4.12,2.85,0,0.178125,0.7226563,-4.35,2.62,0,0.1601563,0.7046875,-4.36,2.62,0,0.159375,0.7046875,-4.61,2.37,0,0.1398437,0.6851562,-4.62,2.37,0,0.1390625,0.6851562,-4.85,2.14,0,0.1210938,0.6671875,-4.86,2.14,0,0.1203125,0.6671875,-5.09,1.91,0,0.1023438,0.6492187,-5.1,1.91,0,0.1015625,0.6492187,-5.33,1.68,0,0.08359375,0.63125,-5.34,1.68,0,0.0828125,0.63125,-5.57,-0.71,0,0.06484375,0.4445313,-5.59,1.43,0,0.06328125,0.6117188,-5.59,-0.69,0,0.06328125,0.4460937,-5.6,1.43,0,0.0625,0.6117188,-5.6,-0.7,0,0.0625,0.4453125,-5.67,-0.7,0,0.05703125,0.4453125,-5.68,-0.69,0,0.05625,0.4460937,-5.75,-0.68,0,0.05078125,0.446875,-5.79,-0.66,0,0.04765625,0.4484375,-5.82,-0.66,0,0.0453125,0.4484375,-5.83,1.2,0,0.04453125,0.59375,-5.84,1.2,0,0.04375,0.59375,-5.85,-0.64,0,0.04296875,0.45,-5.87,-0.64,0,0.04140625,0.45,-5.89,-0.62,0,0.03984375,0.4515625,-5.91,-0.62,0,0.03828125,0.4515625,-5.96,-0.6,0,0.034375,0.453125,-5.98,-0.58,0,0.0328125,0.4546875,-6,-0.57,0,0.03125,0.4554687,-6.06,-0.52,0,0.0265625,0.459375,-6.07,-0.52,0,0.02578125,0.459375,-6.08,0.96,0,0.025,0.575,-6.09,0.96,0,0.02421875,0.575,-6.11,-0.48,0,0.02265625,0.4625,-6.12,-0.48,0,0.021875,0.4625,-6.22,0.83,0,0.0140625,0.5648438,-6.22,-0.38,0,0.0140625,0.4703125,6.26,0.78,0,0.9890625,0.5609375,6.26,-0.32,0,0.9890625,0.475,6.26,0.77,0,0.9890625,0.5601562,6.26,-0.33,0,0.9890625,0.4742188,6.36,0.62,0,0.996875,0.5484375,6.36,-0.15,0,0.996875,0.4882813,6.36,0.6,0,0.996875,0.546875,6.36,-0.17,0,0.996875,0.4867187,6.34,0.67,0,0.9953125,0.5523437,6.34,-0.22,0,0.9953125,0.4828125,6.32,0.69,0,0.99375,0.5539063,6.32,-0.24,0,0.99375,0.48125,6.31,0.71,0,0.9929687,0.5554687,6.29,-0.3,0,0.9914063,0.4765625,6.4,0.53,0,1,0.5414063,6.38,-0.11,0,0.9984375,0.4914063,6.4,-0.08,0,1,0.49375,6.38,-0.13,0,0.9984375,0.4898438,-2.56,-6.1,0,0.3,0.0234375,-2.68,-5.92,0,0.290625,0.0375,-2.7,-5.87,0,0.2890625,0.04140625,-2.72,-5.83,0,0.2875,0.04453125,-2.74,-5.77,0,0.2859375,0.04921875,-2.76,-5.63,0,0.284375,0.06015625,-2.76,-5.69,0,0.284375,0.05546875,-2.77,-5.6,0,0.2835937,0.0625,-6.38,-0.13,0,0.0015625,0.4898438],[246,1,2,245,170,169,244,243,168,169,168,243,242,168,167,241,167,166,240,166,165,239,165,164,238,158,157,225,226,237,235,237,226,234,235,226,236,235,234,221,222,233,232,233,222,231,233,232,230,231,232,229,231,230,228,229,230,227,229,228,224,227,228,225,227,224,226,225,224,20,21,223,220,223,21,221,223,220,222,221,220,219,16,217,17,217,16,218,217,17,215,217,218,216,217,215,213,216,215,214,213,215,204,213,214,212,213,204,211,212,204,210,211,204,209,210,204,208,209,204,207,208,204,206,207,204,205,206,204,202,205,204,203,202,204,196,202,203,201,202,196,200,201,196,199,200,196,198,199,196,197,198,196,195,197,196,194,195,196,193,195,194,192,193,194,170,193,192,191,170,192,190,170,191,189,170,190,188,170,189,187,170,188,186,170,187,185,170,186,184,170,185,183,170,184,182,170,183,181,170,182,180,170,181,179,170,180,178,170,179,177,170,178,176,170,177,175,170,176,174,170,175,173,170,174,172,170,173,171,170,172,163,170,171,169,170,163,168,169,163,167,168,163,166,167,163,165,166,163,164,165,163,161,164,163,162,161,163,155,161,162,160,161,155,159,160,155,158,159,155,157,158,155,156,157,155,153,156,155,154,153,155,146,153,154,152,153,146,151,152,146,150,151,146,149,150,146,148,149,146,147,148,146,144,147,146,145,144,146,143,144,145,97,144,143,142,97,143,141,97,142,140,97,141,139,97,140,138,97,139,137,97,138,136,97,137,135,97,136,134,97,135,133,97,134,132,97,133,131,97,132,130,97,131,129,97,130,128,97,129,127,97,128,126,97,127,125,97,126,124,97,125,123,97,124,122,97,123,121,97,122,120,97,121,119,97,120,118,97,119,117,97,118,116,97,117,115,97,116,114,97,115,113,97,114,112,97,113,111,97,112,110,97,111,109,97,110,108,97,109,107,97,108,106,97,107,105,97,106,104,97,105,103,97,104,102,97,103,101,97,102,100,97,101,99,97,100,98,97,99,96,97,98,94,97,96,95,94,96,89,94,95,93,94,89,92,93,89,91,92,89,90,91,89,87,90,89,88,87,89,80,87,88,85,87,80,83,85,80,86,85,83,82,83,80,84,83,82,81,82,80,79,81,80,78,79,80,76,79,78,69,76,78,68,69,78,74,76,69,77,76,74,72,74,69,75,74,72,70,72,69,73,72,70,71,70,69,46,69,68,67,46,68,66,46,67,65,46,66,64,46,65,63,46,64,62,46,63,61,46,62,60,46,61,59,46,60,58,46,59,57,46,58,56,46,57,55,46,56,54,46,55,53,46,54,52,46,53,51,46,52,50,46,51,49,46,50,48,46,49,47,46,48,44,46,47,45,46,44,43,45,44,42,43,44,41,43,42,36,41,42,40,41,36,39,40,36,38,39,36,37,38,36,34,37,36,35,34,36,26,34,35,33,34,26,32,33,26,31,32,26,30,31,26,29,30,26,28,29,26,27,28,26,24,27,26,25,24,26,19,24,25,23,24,19,22,23,19,20,22,19,21,20,19,18,6,16,7,16,6,15,16,7,17,16,15,14,2,12,0,12,2,13,12,0,11,12,13,10,12,11,9,10,11,8,10,9,5,8,9,6,8,5,7,6,5,4,3,1,0,1,3,2,1,0],0,0,1,1,0,0,1,1,0,0,0,0,[0,0,0,0],[-6.4,-6.4,6.4,6.4],100,1280,1280,1280,1280,640,640,0,0]},{"id":25440,"path":"Assets/Sprites/1,,.png","assetBundleId":-1,"data":["1,,",31,25468,[-0.04500002,0.06,0,1.075,0.765,0],[1.03,0.755,0,0.9401709,0.879397,1.02,-0.595,0,0.9358974,0.201005,1.03,0.005,0,0.9401709,0.5025126,0.97,0.825,0,0.9145299,0.9145728,0.94,-0.705,0,0.9017094,0.1457286,-1.02,0.825,0,0.06410257,0.9145728,-1.02,-0.705,0,0.06410257,0.1457286,-1.04,0.805,0,0.05555556,0.9045226,-1.07,-0.655,0,0.04273501,0.1708543,-1.09,0.765,0,0.03418804,0.8844221,-1.11,-0.575,0,0.02564103,0.2110553,-1.12,0.705,0,0.02136752,0.8542714,-1.12,-0.535,0,0.02136752,0.2311558],[12,11,10,9,10,11,8,10,9,7,8,9,6,8,7,5,6,7,4,6,5,3,4,5,1,4,3,0,1,3,2,1,0],-0.000325300177792087,-0.000382509955670685,0.999674677848816,0.999617516994476,0.021367521956563,0.145728647708893,0.94017094373703,0.914572834968567,0,0,0,0,[0,0,0,0],[-1.17,-0.995,1.17,0.995],100,234,199,234,199,117,99.5,5.07612037658691,29.0761203765869]},{"id":25450,"path":"Assets/Sprites/k.png","assetBundleId":-1,"data":["k",31,25472,[0,0,0,0.585,0.175,0],[0.575,0.175,0,0.991453,1,0.585,-0.175,0,1,0,0.585,0.165,0,1,0.9714286,-0.555,0.175,0,0.02564103,1,-0.565,-0.175,0,0.01709402,0,-0.585,0.135,0,3.260425e-8,0.8857143,-0.585,-0.155,0,3.260425e-8,0.05714286],[6,5,4,3,4,5,1,4,3,0,1,3,2,1,0],-0.000228608259931207,0,0.999771416187286,1,3.26042517428959e-8,0,1,1,0,0,0,0,[0,0,0,0],[-0.585,-0.175,0.585,0.175],100,117,35,117,35,58.5,17.5,0.0267509818077087,0]},{"id":25458,"path":"Assets/Sprites/3,,.png","assetBundleId":-1,"data":["3,,",31,25474,[-0.04499996,-0.155,0,1.13,0.88,0],[-1.095,-0.195,0,0.03404255,0.4093023,-1.135,-0.175,0,0.01702128,0.4186046,-1.095,-0.205,0,0.03404255,0.4046512,-1.125,0.495,0,0.0212766,0.7302325,-1.075,-0.215,0,0.04255316,0.4,-1.095,0.465,0,0.03404255,0.7162791,-1.065,0.475,0,0.04680848,0.7209302,-1.055,-0.505,0,0.05106386,0.2651163,-1.055,0.515,0,0.05106386,0.7395349,-1.015,-0.975,0,0.0680851,0.04651163,-0.985,-1.035,0,0.08085106,0.01860465,-0.905,-0.995,0,0.1148936,0.0372093,-1.155,-1.035,0,0.008510638,0.01860465,-1.035,-0.885,0,0.05957447,0.0883721,-1.175,-0.885,0,3.246551e-8,0.0883721,-1.175,-1.015,0,3.246551e-8,0.02790698,-0.895,-0.885,0,0.1191489,0.0883721,-0.885,-0.985,0,0.1234043,0.04186046,-0.885,-0.895,0,0.1234043,0.08372093,-0.865,-1.005,0,0.1319149,0.03255814,-1.125,-0.515,0,0.0212766,0.2604651,-1.075,0.535,0,0.04255316,0.7488372,-1.095,0.535,0,0.03404255,0.7488372,-1.125,0.505,0,0.0212766,0.7348837,0.985,0.675,0,0.9191489,0.8139535,0.945,0.675,0,0.9021277,0.8139535,0.955,0.665,0,0.906383,0.8093023,1.055,0.675,0,0.9489362,0.8139535,1.085,-0.795,0,0.9617021,0.1302326,1.085,0.655,0,0.9617021,0.8046511,0.995,-0.885,0,0.9234043,0.0883721,0.985,0.705,0,0.9191489,0.827907,-0.665,-0.945,0,0.2170213,0.06046512,-0.675,-1.005,0,0.212766,0.03255814,-0.665,-0.965,0,0.2170213,0.05116279,-1.085,0.675,0,0.03829787,0.8139535,-1.175,0.665,0,3.246551e-8,0.8093023,-1.175,-0.185,0,3.246551e-8,0.4139535,0.965,0.725,0,0.9106383,0.8372093,0.935,0.725,0,0.8978723,0.8372093,0.915,0.705,0,0.8893617,0.827907,0.915,0.695,0,0.8893617,0.8232558],[41,40,25,39,25,40,38,25,39,24,25,38,31,24,38,37,36,1,23,1,36,35,23,36,3,1,23,22,23,35,21,22,35,25,21,35,8,21,25,13,8,25,16,13,25,18,16,25,19,18,25,32,19,25,33,19,32,34,33,32,30,32,25,26,30,25,24,30,26,31,30,24,27,30,31,28,30,27,29,28,27,26,25,24,3,23,5,22,5,23,6,5,22,21,6,22,8,6,21,20,7,13,8,13,7,11,17,19,18,19,17,13,16,9,11,9,16,17,11,16,18,17,16,15,14,12,13,12,14,9,12,13,10,12,9,11,10,9,2,4,7,6,7,4,8,7,6,3,5,0,4,0,5,6,4,5,2,0,4,3,0,1,2,1,0],3.24655076155977e-8,-0.00019957082986366,1,0.999800443649292,3.24655076155977e-8,0.018604651093483,0.961702108383179,0.837209284305573,0,0,0,0,[0,0,0,0],[-1.175,-1.075,1.175,1.075],100,235,215,235,215,117.5,107.5,0,4.04290771484375]},{"id":25478,"path":"Assets/Sprites/2.png","assetBundleId":-1,"data":["2",31,25480,[-0.01999998,-0.03,0,0.625,0.425,0],[0.605,0.395,0,0.8954248,0.8910891,0.555,-0.455,0,0.8627451,0.04950495,0.605,-0.445,0,0.8954248,0.05940594,-0.485,0.395,0,0.1830065,0.8910891,-0.645,-0.065,0,0.07843138,0.4356436,-0.645,-0.455,0,0.07843138,0.04950495],[5,4,1,3,1,4,0,1,3,2,1,0],-0.000129322943394072,-0.00026486165006645,0.999870657920837,0.999735116958618,0.0784313753247261,0.0495049506425858,0.895424842834473,0.891089081764221,0,0,0,0,[0,0,0,0],[-0.765,-0.505,0.765,0.505],100,153,101,153,101,76.5,50.5,12.0197868347168,5.02675104141235]},{"id":25484,"path":"Assets/Sprites/1.png","assetBundleId":-1,"data":["1",31,25486,[0.145,-0.045,0,0.605,0.4,0],[0.72,0.095,0,0.98,0.5979381,0.75,-0.085,0,1,0.4123711,0.75,0.065,0,1,0.5670103,0.67,0.075,0,0.9466667,0.5773196,0.31,-0.445,0,0.7066666,0.04123711,0.12,0.355,0,0.58,0.8659794,0.09,-0.445,0,0.56,0.04123711,-0.04,0.355,0,0.4733333,0.8659794,-0.09,0.285,0,0.44,0.7938144,-0.39,0.355,0,0.24,0.8659794,-0.44,-0.335,0,0.2066667,0.1546392,-0.46,0.025,0,0.1933333,0.5257732,-0.46,-0.315,0,0.1933333,0.1752577],[12,11,10,9,10,11,6,10,9,8,6,9,7,6,8,5,6,7,4,6,5,3,4,5,1,4,3,0,1,3,2,1,0],-0.000507474760524929,-0.000275785190751776,0.999492526054382,0.999724209308624,0.193333327770233,0.0412371121346951,1,0.865979373455048,0,0,0,0,[0,0,0,0],[-0.75,-0.485,0.75,0.485],100,150,97,150,97,75,48.5,29.0761203765869,4.02675104141235]},{"id":25490,"path":"Assets/Sprites/3.png","assetBundleId":-1,"data":["3",31,25492,[0.03,-0.02500001,0,0.53,0.46,0],[0.5,0.375,0,0.8246753,0.8640777,0.56,-0.265,0,0.8636364,0.2427185,0.56,0.285,0,0.8636364,0.776699,0.44,-0.485,0,0.7857143,0.02912621,0.12,0.435,0,0.5779221,0.9223301,-0.09,0.435,0,0.4415585,0.9223301,-0.33,0.295,0,0.2857143,0.7864078,-0.5,0.155,0,0.1753247,0.6504855,-0.5,-0.485,0,0.1753247,0.02912621],[8,7,3,6,3,7,5,3,6,4,3,5,0,3,4,1,3,0,2,1,0],-0.000173701875610277,-0.000259718566667289,0.999826312065125,0.999740302562714,0.175324678421021,0.029126213863492,0.863636374473572,0.92233008146286,0,0,0,0,[0,0,0,0],[-0.77,-0.515,0.77,0.515],100,154,103,154,103,77,51.5,27.0267505645752,3.02675104141235]}],"textures":[{"id":24832,"type":3,"path":"Assets/Video/Materials/VideoMaterial1.renderTexture","assetBundleId":-1,"data":["VideoMaterial1",1080,1920,0,1,0,8,94,0,32,1,1]},{"id":24834,"type":3,"path":"Assets/Video/Materials/VideoMaterial2.renderTexture","assetBundleId":-1,"data":["VideoMaterial2",1920,1080,0,1,0,8,94,0,32,1,1]},{"id":25468,"type":0,"path":"Assets/Sprites/1,,.png","assetBundleId":-1,"data":["1,,",234,199,1,1,1,0,4,1,1,1,8,0,0,1,1]},{"id":25466,"type":0,"path":"Assets/Sprites/up.png","assetBundleId":-1,"data":["up",512,512,1,1,1,0,12,1,1,1,101,0,0,1,1]},{"id":25464,"type":0,"path":"Assets/Sprites/Снимок экрана 2025-04-05 162541.png","assetBundleId":-1,"data":["Снимок экрана 2025-04-05 162541",135,170,1,1,1,0,4,1,1,1,8,0,0,1,1]},{"id":25470,"type":0,"path":"Assets/Sprites/2,,.png","assetBundleId":-1,"data":["2,,",241,226,1,1,1,0,4,1,1,1,8,0,0,1,1]},{"id":25472,"type":0,"path":"Assets/Sprites/k.png","assetBundleId":-1,"data":["k",117,35,1,1,1,0,4,1,1,1,8,0,0,1,1]},{"id":25474,"type":0,"path":"Assets/Sprites/3,,.png","assetBundleId":-1,"data":["3,,",235,215,1,1,1,0,4,1,1,1,8,0,0,1,1]},{"id":25480,"type":0,"path":"Assets/Sprites/2.png","assetBundleId":-1,"data":["2",153,101,1,1,1,0,4,1,1,1,8,0,0,1,1]},{"id":25486,"type":0,"path":"Assets/Sprites/1.png","assetBundleId":-1,"data":["1",150,97,1,1,1,0,4,1,1,1,8,0,0,1,1]},{"id":25492,"type":0,"path":"Assets/Sprites/3.png","assetBundleId":-1,"data":["3",154,103,1,1,1,0,4,1,1,1,8,0,0,1,1]}]}