{"materials":[{"id":-1618,"path":"Default UI Material","assetBundleId":-1,"data":["Default UI Material",18,28,3000,0,[["_StencilComp",8],["_Stencil",0],["_StencilOp",0],["_StencilWriteMask",255],["_StencilReadMask",255],["_ColorMask",15],["_UseUIAlphaClip",0]],[["_Color",1,1,1,1]],[["_MainTex_ST",1,1,0,0]],[["_MainTex",null,null]],[]]}],"scenes":[{"id":0,"name":"SampleScene","path":"Assets/Scenes/SampleScene.unity","assetBundleId":-1,"data":["SampleScene",0,1],"objects":[{"id":27500,"path":"Main Camera","assetBundleId":0,"components":[{"type":0,"id":27506,"data":[0,0,-10,1,1,1,0,0,0,1]},{"type":1,"id":27504,"data":[1,0.46208530664444,1,5,0.278431385755539,0.486274540424347,0.545098066329956,1,0.300000011920929,1000,60,-1,2,-1,[0,0,1,1],null,null,0,50,36,24,0,0,2,0,1]},{"type":2,"id":27502,"data":[]},{"type":3,"id":27508,"enabled":1,"class":4,"data":[5,27546]}],"children":[],"data":["Main Camera",4,1,0,0]},{"id":27510,"path":"Canvas","assetBundleId":0,"components":[{"type":5,"id":27518,"data":[0.5,0.5,0,0,0,0,978.86669921875,2118.36791992188,585,1266,0,0,0,0,1,1.19525980949402,1.19525980949402,1.19525980949402]},{"type":6,"id":27516,"data":[1,100,100,0,0,0,"Default",0,1.19525980949402,null,null,0,0,0,0]},{"type":7,"id":27514,"enabled":1,"class":8,"data":[1,100,1,1080,1920,0,0.5,3,96,96,1,0]},{"type":7,"id":27512,"enabled":1,"class":9,"data":[1,0,-1]}],"children":[{"id":27544,"path":"Canvas","assetBundleId":0,"components":[{"type":5,"id":27546,"data":[0.5,0.5,0.5,0.5,0.5,0.5,1079.30004882813,1921.30004882813,-0.00731089990586042,0.00213850010186434,0,0,0,0,1,1,1,1]},{"type":10,"id":27550,"data":[1]},{"type":7,"id":27548,"enabled":1,"class":11,"data":[12,24844,0,0,1,1,null,null,1,1,1,1,1,1,0,0,0,0]}],"children":[{"id":27536,"path":"Canvas","assetBundleId":0,"components":[{"type":5,"id":27538,"data":[0.5,0.5,0,0,1,0.068000003695488,275.959991455078,157.005706787109,-4.843505859375,-68.8250732421875,0,0,0,0,1,1,1,1]},{"type":10,"id":27542,"data":[1]},{"type":7,"id":27540,"enabled":1,"class":13,"data":[null,null,0,0,1,4,1,1,0,0,1,null,null,1,0.917647123336792,0.705882370471954,0.478431403636932,1,1,0,0,0,0]}],"children":[],"data":["Image",0,1,0,5]},{"id":27520,"path":"Canvas","assetBundleId":0,"components":[{"type":5,"id":27522,"data":[0.5,0.5,0,0.948397636413574,1,1,275.959991455078,169.943298339844,-4.8436279296875,72.8873291015625,0,0,0,0,1,1,1,1]},{"type":10,"id":27526,"data":[1]},{"type":7,"id":27524,"enabled":1,"class":13,"data":[null,null,0,0,1,4,1,1,0,0,1,null,null,1,0.278431385755539,0.48235297203064,0.545098066329956,1,1,0,0,0,0]}],"children":[],"data":["Image (1)",0,1,0,5]}],"data":["RawImage",0,1,0,5]}],"data":["Canvas",0,1,0,5]},{"id":27528,"path":"EventSystem","assetBundleId":0,"components":[{"type":0,"id":27534,"data":[0,0,0,1,1,1,0,0,0,1]},{"type":7,"id":27532,"enabled":1,"class":14,"data":[null,null,1,10]},{"type":7,"id":27530,"enabled":1,"class":15,"data":["Horizontal","Vertical","Submit","Cancel",10,0.5,0,1]}],"children":[],"data":["EventSystem",0,1,0,0]},{"id":27552,"path":"VideoPlayer","assetBundleId":0,"components":[{"type":0,"id":27556,"data":[0,0,0,1,1,1,0,0,0,1]},{"type":16,"id":27554,"data":[1,0,17,27072,"",1,0,2,12,24844,null,null,"",1]}],"children":[],"data":["VideoPlayer",0,1,0,0]}],"render_settings":{"data":[1,1,3,0.211999997496605,0.226999998092651,0.25900000333786,1,0.211999997496605,0.226999998092651,0.25900000333786,1,0.0469999983906746,0.0430000014603138,0.0350000001490116,1,0.114000000059605,0.125,0.133000001311302,1,0.5,0.5,0.5,1,300,0,0.00999999977648258,0,null,null,3,[],[[0,0],[0,0],[0,0],[0,0],[0,0],[0,0]],1,2,1,[0.03696759,0,0,0,0,0,0,0,0,0.04214946,0,0,0,0,0,0,0,0,0.05455384,0,0,0,0,0,0,0,0],[0,0,0,0,0,0,0,0,0,0,0,0,0,0,0,0,0,0,0,0,0,0,0,0,0,0,0],0,null,null,null,null,0,128,0,4,0,0,1]},"shaders":[48,32,28]}],"shaders":[{"id":32,"assetBundleId":-1,"data":[[],"Hidden/InternalErrorShader",null,[],[[0,0,"",0,"",0,[4,null],[1,null],[2,null],[[1,null],[0,null],[0,null]],[[1,null],[0,null],[0,null]],[15,null],[0,null],[0,null],[0,null],[255,null],[255,null],[[0,null],[0,null],[0,null],[8,null]],[[0,null],[0,null],[0,null],[8,null]],[[0,null],[0,null],[0,null],[8,null]],[],[],[],[],[],0]],[],[],null,null,0,0,0]}],"videos":[{"id":27072,"path":"Assets/Video/output(compress-video-online.com) (2).mp4","assetBundleId":-1,"data":["output(compress-video-online.com) (2)",406,720,30,"912"],"ext":".mp4"}],"textures":[{"id":24844,"type":3,"path":"Assets/Video/New Render Texture.renderTexture","assetBundleId":-1,"data":["New Render Texture",1080,1920,0,1,0,8,94,0,32,1,1]}]}