{"fonts":[{"id":486,"path":"Library/unity default resources\\LegacyRuntime","assetBundleId":-1,"data":["LegacyRuntime",0,14,0,[],32,1000486,13],"font":{"info":{"face":"LegacyRuntime","width":1024,"height":1024,"bitmapFont":false,"fontSize":64,"lineHeight":74,"ascent":58},"chars":{"32":{"id":32,"x":0,"y":0,"width":0,"height":0,"letter":" ","xadvance":18,"xoffset":0,"yoffset":0,"scale":1,"range":0,"uvTopLeft":[0,1],"uvTopRight":[0,1],"uvBottomLeft":[0,1],"uvBottomRight":[0,1]},"33":{"id":33,"x":115,"y":583,"width":8,"height":46,"letter":"!","xadvance":18,"xoffset":5,"yoffset":12,"scale":1,"range":0,"uvTopLeft":[0.1123046875,0.4306640625],"uvTopRight":[0.1201171875,0.4306640625],"uvBottomLeft":[0.1123046875,0.3857421875],"uvBottomRight":[0.1201171875,0.3857421875]},"34":{"id":34,"x":74,"y":518,"width":18,"height":16,"letter":"\"","xadvance":23,"xoffset":2,"yoffset":12,"scale":1,"range":0,"uvTopLeft":[0.072265625,0.494140625],"uvTopRight":[0.08984375,0.494140625],"uvBottomLeft":[0.072265625,0.478515625],"uvBottomRight":[0.08984375,0.478515625]},"35":{"id":35,"x":4,"y":746,"width":35,"height":48,"letter":"#","xadvance":36,"xoffset":0,"yoffset":11,"scale":1,"range":0,"uvTopLeft":[0.00390625,0.271484375],"uvTopRight":[0.0380859375,0.271484375],"uvBottomLeft":[0.00390625,0.224609375],"uvBottomRight":[0.0380859375,0.224609375]},"36":{"id":36,"x":39,"y":481,"width":31,"height":56,"letter":"$","xadvance":36,"xoffset":2,"yoffset":9,"scale":1,"range":0,"uvTopLeft":[0.0380859375,0.5302734375],"uvTopRight":[0.068359375,0.5302734375],"uvBottomLeft":[0.0380859375,0.4755859375],"uvBottomRight":[0.068359375,0.4755859375]},"37":{"id":37,"x":4,"y":119,"width":50,"height":47,"letter":"%","xadvance":57,"xoffset":3,"yoffset":11,"scale":1,"range":0,"uvTopLeft":[0.00390625,0.8837890625],"uvTopRight":[0.052734375,0.8837890625],"uvBottomLeft":[0.00390625,0.837890625],"uvBottomRight":[0.052734375,0.837890625]},"38":{"id":38,"x":4,"y":379,"width":40,"height":48,"letter":"&","xadvance":43,"xoffset":2,"yoffset":11,"scale":1,"range":0,"uvTopLeft":[0.00390625,0.6298828125],"uvTopRight":[0.04296875,0.6298828125],"uvBottomLeft":[0.00390625,0.5830078125],"uvBottomRight":[0.04296875,0.5830078125]},"39":{"id":39,"x":79,"y":1000,"width":8,"height":16,"letter":"'","xadvance":12,"xoffset":2,"yoffset":12,"scale":1,"range":0,"uvTopLeft":[0.0771484375,0.0234375],"uvTopRight":[0.0849609375,0.0234375],"uvBottomLeft":[0.0771484375,0.0078125],"uvBottomRight":[0.0849609375,0.0078125]},"40":{"id":40,"x":39,"y":951,"width":16,"height":61,"letter":"(","xadvance":21,"xoffset":3,"yoffset":11,"scale":1,"range":0,"uvTopLeft":[0.0380859375,0.0712890625],"uvTopRight":[0.0537109375,0.0712890625],"uvBottomLeft":[0.0380859375,0.01171875],"uvBottomRight":[0.0537109375,0.01171875]},"41":{"id":41,"x":59,"y":948,"width":16,"height":61,"letter":")","xadvance":21,"xoffset":3,"yoffset":11,"scale":1,"range":0,"uvTopLeft":[0.0576171875,0.07421875],"uvTopRight":[0.0732421875,0.07421875],"uvBottomLeft":[0.0576171875,0.0146484375],"uvBottomRight":[0.0732421875,0.0146484375]},"42":{"id":42,"x":62,"y":886,"width":21,"height":20,"letter":"*","xadvance":25,"xoffset":2,"yoffset":11,"scale":1,"range":0,"uvTopLeft":[0.060546875,0.134765625],"uvTopRight":[0.0810546875,0.134765625],"uvBottomLeft":[0.060546875,0.115234375],"uvBottomRight":[0.0810546875,0.115234375]},"43":{"id":43,"x":87,"y":872,"width":31,"height":30,"letter":"+","xadvance":37,"xoffset":3,"yoffset":21,"scale":1,"range":0,"uvTopLeft":[0.0849609375,0.1484375],"uvTopRight":[0.115234375,0.1484375],"uvBottomLeft":[0.0849609375,0.119140625],"uvBottomRight":[0.115234375,0.119140625]},"44":{"id":44,"x":91,"y":1000,"width":8,"height":15,"letter":",","xadvance":18,"xoffset":5,"yoffset":52,"scale":1,"range":0,"uvTopLeft":[0.0888671875,0.0234375],"uvTopRight":[0.0966796875,0.0234375],"uvBottomLeft":[0.0888671875,0.0087890625],"uvBottomRight":[0.0966796875,0.0087890625]},"45":{"id":45,"x":122,"y":155,"width":18,"height":6,"letter":"-","xadvance":21,"xoffset":2,"yoffset":39,"scale":1,"range":0,"uvTopLeft":[0.119140625,0.8486328125],"uvTopRight":[0.13671875,0.8486328125],"uvBottomLeft":[0.119140625,0.8427734375],"uvBottomRight":[0.13671875,0.8427734375]},"46":{"id":46,"x":144,"y":149,"width":8,"height":6,"letter":".","xadvance":18,"xoffset":5,"yoffset":52,"scale":1,"range":0,"uvTopLeft":[0.140625,0.8544921875],"uvTopRight":[0.1484375,0.8544921875],"uvBottomLeft":[0.140625,0.8486328125],"uvBottomRight":[0.1484375,0.8486328125]},"47":{"id":47,"x":79,"y":948,"width":18,"height":48,"letter":"/","xadvance":18,"xoffset":0,"yoffset":11,"scale":1,"range":0,"uvTopLeft":[0.0771484375,0.07421875],"uvTopRight":[0.0947265625,0.07421875],"uvBottomLeft":[0.0771484375,0.02734375],"uvBottomRight":[0.0947265625,0.02734375]},"48":{"id":48,"x":99,"y":220,"width":31,"height":47,"letter":"0","xadvance":36,"xoffset":2,"yoffset":12,"scale":1,"range":0,"uvTopLeft":[0.0966796875,0.78515625],"uvTopRight":[0.126953125,0.78515625],"uvBottomLeft":[0.0966796875,0.7392578125],"uvBottomRight":[0.126953125,0.7392578125]},"49":{"id":49,"x":128,"y":832,"width":18,"height":46,"letter":"1","xadvance":36,"xoffset":6,"yoffset":12,"scale":1,"range":0,"uvTopLeft":[0.125,0.1875],"uvTopRight":[0.142578125,0.1875],"uvBottomLeft":[0.125,0.142578125],"uvBottomRight":[0.142578125,0.142578125]},"50":{"id":50,"x":92,"y":327,"width":32,"height":46,"letter":"2","xadvance":36,"xoffset":1,"yoffset":12,"scale":1,"range":0,"uvTopLeft":[0.08984375,0.6806640625],"uvTopRight":[0.12109375,0.6806640625],"uvBottomLeft":[0.08984375,0.6357421875],"uvBottomRight":[0.12109375,0.6357421875]},"51":{"id":51,"x":102,"y":169,"width":31,"height":47,"letter":"3","xadvance":36,"xoffset":2,"yoffset":12,"scale":1,"range":0,"uvTopLeft":[0.099609375,0.8349609375],"uvTopRight":[0.1298828125,0.8349609375],"uvBottomLeft":[0.099609375,0.7890625],"uvBottomRight":[0.1298828125,0.7890625]},"52":{"id":52,"x":90,"y":429,"width":33,"height":46,"letter":"4","xadvance":36,"xoffset":0,"yoffset":12,"scale":1,"range":0,"uvTopLeft":[0.087890625,0.5810546875],"uvTopRight":[0.1201171875,0.5810546875],"uvBottomLeft":[0.087890625,0.5361328125],"uvBottomRight":[0.1201171875,0.5361328125]},"53":{"id":53,"x":94,"y":277,"width":32,"height":46,"letter":"5","xadvance":36,"xoffset":2,"yoffset":13,"scale":1,"range":0,"uvTopLeft":[0.091796875,0.7294921875],"uvTopRight":[0.123046875,0.7294921875],"uvBottomLeft":[0.091796875,0.6845703125],"uvBottomRight":[0.123046875,0.6845703125]},"54":{"id":54,"x":130,"y":271,"width":31,"height":47,"letter":"6","xadvance":36,"xoffset":2,"yoffset":12,"scale":1,"range":0,"uvTopLeft":[0.126953125,0.7353515625],"uvTopRight":[0.1572265625,0.7353515625],"uvBottomLeft":[0.126953125,0.689453125],"uvBottomRight":[0.1572265625,0.689453125]},"55":{"id":55,"x":183,"y":4,"width":30,"height":45,"letter":"7","xadvance":36,"xoffset":3,"yoffset":13,"scale":1,"range":0,"uvTopLeft":[0.1787109375,0.99609375],"uvTopRight":[0.2080078125,0.99609375],"uvBottomLeft":[0.1787109375,0.9521484375],"uvBottomRight":[0.2080078125,0.9521484375]},"56":{"id":56,"x":134,"y":220,"width":31,"height":47,"letter":"8","xadvance":36,"xoffset":2,"yoffset":12,"scale":1,"range":0,"uvTopLeft":[0.130859375,0.78515625],"uvTopRight":[0.1611328125,0.78515625],"uvBottomLeft":[0.130859375,0.7392578125],"uvBottomRight":[0.1611328125,0.7392578125]},"57":{"id":57,"x":105,"y":104,"width":31,"height":47,"letter":"9","xadvance":36,"xoffset":2,"yoffset":12,"scale":1,"range":0,"uvTopLeft":[0.1025390625,0.8984375],"uvTopRight":[0.1328125,0.8984375],"uvBottomLeft":[0.1025390625,0.8525390625],"uvBottomRight":[0.1328125,0.8525390625]},"58":{"id":58,"x":124,"y":479,"width":8,"height":33,"letter":":","xadvance":18,"xoffset":5,"yoffset":25,"scale":1,"range":0,"uvTopLeft":[0.12109375,0.5322265625],"uvTopRight":[0.12890625,0.5322265625],"uvBottomLeft":[0.12109375,0.5],"uvBottomRight":[0.12890625,0.5]},"59":{"id":59,"x":127,"y":583,"width":8,"height":42,"letter":";","xadvance":18,"xoffset":5,"yoffset":25,"scale":1,"range":0,"uvTopLeft":[0.1240234375,0.4306640625],"uvTopRight":[0.1318359375,0.4306640625],"uvBottomLeft":[0.1240234375,0.3896484375],"uvBottomRight":[0.1318359375,0.3896484375]},"60":{"id":60,"x":4,"y":989,"width":31,"height":31,"letter":"<","xadvance":37,"xoffset":3,"yoffset":20,"scale":1,"range":0,"uvTopLeft":[0.00390625,0.0341796875],"uvTopRight":[0.0341796875,0.0341796875],"uvBottomLeft":[0.00390625,0.00390625],"uvBottomRight":[0.0341796875,0.00390625]},"61":{"id":61,"x":27,"y":886,"width":31,"height":20,"letter":"=","xadvance":37,"xoffset":3,"yoffset":26,"scale":1,"range":0,"uvTopLeft":[0.0263671875,0.134765625],"uvTopRight":[0.056640625,0.134765625],"uvBottomLeft":[0.0263671875,0.115234375],"uvBottomRight":[0.056640625,0.115234375]},"62":{"id":62,"x":83,"y":746,"width":31,"height":31,"letter":">","xadvance":37,"xoffset":3,"yoffset":20,"scale":1,"range":0,"uvTopLeft":[0.0810546875,0.271484375],"uvTopRight":[0.111328125,0.271484375],"uvBottomLeft":[0.0810546875,0.2412109375],"uvBottomRight":[0.111328125,0.2412109375]},"63":{"id":63,"x":137,"y":165,"width":31,"height":47,"letter":"?","xadvance":36,"xoffset":2,"yoffset":11,"scale":1,"range":0,"uvTopLeft":[0.1337890625,0.8388671875],"uvTopRight":[0.1640625,0.8388671875],"uvBottomLeft":[0.1337890625,0.79296875],"uvBottomRight":[0.1640625,0.79296875]},"64":{"id":64,"x":4,"y":4,"width":60,"height":61,"letter":"@","xadvance":65,"xoffset":3,"yoffset":11,"scale":1,"range":0,"uvTopLeft":[0.00390625,0.99609375],"uvTopRight":[0.0625,0.99609375],"uvBottomLeft":[0.00390625,0.9365234375],"uvBottomRight":[0.0625,0.9365234375]},"65":{"id":65,"x":54,"y":170,"width":44,"height":46,"letter":"A","xadvance":43,"xoffset":-1,"yoffset":12,"scale":1,"range":0,"uvTopLeft":[0.052734375,0.833984375],"uvTopRight":[0.095703125,0.833984375],"uvBottomLeft":[0.052734375,0.7890625],"uvBottomRight":[0.095703125,0.7890625]},"66":{"id":66,"x":4,"y":798,"width":36,"height":46,"letter":"B","xadvance":43,"xoffset":4,"yoffset":12,"scale":1,"range":0,"uvTopLeft":[0.00390625,0.220703125],"uvTopRight":[0.0390625,0.220703125],"uvBottomLeft":[0.00390625,0.17578125],"uvBottomRight":[0.0390625,0.17578125]},"67":{"id":67,"x":4,"y":327,"width":41,"height":48,"letter":"C","xadvance":46,"xoffset":3,"yoffset":11,"scale":1,"range":0,"uvTopLeft":[0.00390625,0.6806640625],"uvTopRight":[0.0439453125,0.6806640625],"uvBottomLeft":[0.00390625,0.6337890625],"uvBottomRight":[0.0439453125,0.6337890625]},"68":{"id":68,"x":48,"y":379,"width":39,"height":46,"letter":"D","xadvance":46,"xoffset":4,"yoffset":12,"scale":1,"range":0,"uvTopLeft":[0.046875,0.6298828125],"uvTopRight":[0.0849609375,0.6298828125],"uvBottomLeft":[0.046875,0.5849609375],"uvBottomRight":[0.0849609375,0.5849609375]},"69":{"id":69,"x":45,"y":596,"width":35,"height":46,"letter":"E","xadvance":43,"xoffset":5,"yoffset":12,"scale":1,"range":0,"uvTopLeft":[0.0439453125,0.41796875],"uvTopRight":[0.078125,0.41796875],"uvBottomLeft":[0.0439453125,0.373046875],"uvBottomRight":[0.078125,0.373046875]},"70":{"id":70,"x":126,"y":377,"width":32,"height":46,"letter":"F","xadvance":39,"xoffset":5,"yoffset":12,"scale":1,"range":0,"uvTopLeft":[0.123046875,0.6318359375],"uvTopRight":[0.154296875,0.6318359375],"uvBottomLeft":[0.123046875,0.5869140625],"uvBottomRight":[0.154296875,0.5869140625]},"71":{"id":71,"x":52,"y":225,"width":43,"height":48,"letter":"G","xadvance":50,"xoffset":3,"yoffset":11,"scale":1,"range":0,"uvTopLeft":[0.05078125,0.7802734375],"uvTopRight":[0.0927734375,0.7802734375],"uvBottomLeft":[0.05078125,0.7333984375],"uvBottomRight":[0.0927734375,0.7333984375]},"72":{"id":72,"x":53,"y":277,"width":37,"height":46,"letter":"H","xadvance":46,"xoffset":5,"yoffset":12,"scale":1,"range":0,"uvTopLeft":[0.0517578125,0.7294921875],"uvTopRight":[0.087890625,0.7294921875],"uvBottomLeft":[0.0517578125,0.6845703125],"uvBottomRight":[0.087890625,0.6845703125]},"73":{"id":73,"x":127,"y":427,"width":8,"height":46,"letter":"I","xadvance":18,"xoffset":5,"yoffset":12,"scale":1,"range":0,"uvTopLeft":[0.1240234375,0.5830078125],"uvTopRight":[0.1318359375,0.5830078125],"uvBottomLeft":[0.1240234375,0.5380859375],"uvBottomRight":[0.1318359375,0.5380859375]},"74":{"id":74,"x":84,"y":588,"width":27,"height":47,"letter":"J","xadvance":32,"xoffset":1,"yoffset":12,"scale":1,"range":0,"uvTopLeft":[0.08203125,0.42578125],"uvTopRight":[0.1083984375,0.42578125],"uvBottomLeft":[0.08203125,0.3798828125],"uvBottomRight":[0.1083984375,0.3798828125]},"75":{"id":75,"x":49,"y":327,"width":39,"height":46,"letter":"K","xadvance":43,"xoffset":4,"yoffset":12,"scale":1,"range":0,"uvTopLeft":[0.0478515625,0.6806640625],"uvTopRight":[0.0859375,0.6806640625],"uvBottomLeft":[0.0478515625,0.6357421875],"uvBottomRight":[0.0859375,0.6357421875]},"76":{"id":76,"x":128,"y":327,"width":30,"height":46,"letter":"L","xadvance":36,"xoffset":4,"yoffset":12,"scale":1,"range":0,"uvTopLeft":[0.125,0.6806640625],"uvTopRight":[0.154296875,0.6806640625],"uvBottomLeft":[0.125,0.6357421875],"uvBottomRight":[0.154296875,0.6357421875]},"77":{"id":77,"x":4,"y":277,"width":45,"height":46,"letter":"M","xadvance":53,"xoffset":4,"yoffset":12,"scale":1,"range":0,"uvTopLeft":[0.00390625,0.7294921875],"uvTopRight":[0.0478515625,0.7294921875],"uvBottomLeft":[0.00390625,0.6845703125],"uvBottomRight":[0.0478515625,0.6845703125]},"78":{"id":78,"x":4,"y":596,"width":37,"height":46,"letter":"N","xadvance":46,"xoffset":4,"yoffset":12,"scale":1,"range":0,"uvTopLeft":[0.00390625,0.41796875],"uvTopRight":[0.0400390625,0.41796875],"uvBottomLeft":[0.00390625,0.373046875],"uvBottomRight":[0.0400390625,0.373046875]},"79":{"id":79,"x":4,"y":225,"width":44,"height":48,"letter":"O","xadvance":50,"xoffset":3,"yoffset":11,"scale":1,"range":0,"uvTopLeft":[0.00390625,0.7802734375],"uvTopRight":[0.046875,0.7802734375],"uvBottomLeft":[0.00390625,0.7333984375],"uvBottomRight":[0.046875,0.7333984375]},"80":{"id":80,"x":43,"y":746,"width":36,"height":46,"letter":"P","xadvance":43,"xoffset":4,"yoffset":12,"scale":1,"range":0,"uvTopLeft":[0.0419921875,0.271484375],"uvTopRight":[0.0771484375,0.271484375],"uvBottomLeft":[0.0419921875,0.2265625],"uvBottomRight":[0.0771484375,0.2265625]},"81":{"id":81,"x":4,"y":170,"width":46,"height":51,"letter":"Q","xadvance":50,"xoffset":2,"yoffset":11,"scale":1,"range":0,"uvTopLeft":[0.00390625,0.833984375],"uvTopRight":[0.048828125,0.833984375],"uvBottomLeft":[0.00390625,0.7841796875],"uvBottomRight":[0.048828125,0.7841796875]},"82":{"id":82,"x":4,"y":431,"width":41,"height":46,"letter":"R","xadvance":46,"xoffset":5,"yoffset":12,"scale":1,"range":0,"uvTopLeft":[0.00390625,0.5791015625],"uvTopRight":[0.0439453125,0.5791015625],"uvBottomLeft":[0.00390625,0.5341796875],"uvBottomRight":[0.0439453125,0.5341796875]},"83":{"id":83,"x":4,"y":545,"width":38,"height":47,"letter":"S","xadvance":43,"xoffset":2,"yoffset":11,"scale":1,"range":0,"uvTopLeft":[0.00390625,0.4677734375],"uvTopRight":[0.041015625,0.4677734375],"uvBottomLeft":[0.00390625,0.421875],"uvBottomRight":[0.041015625,0.421875]},"84":{"id":84,"x":4,"y":646,"width":37,"height":46,"letter":"T","xadvance":39,"xoffset":1,"yoffset":12,"scale":1,"range":0,"uvTopLeft":[0.00390625,0.369140625],"uvTopRight":[0.0400390625,0.369140625],"uvBottomLeft":[0.00390625,0.32421875],"uvBottomRight":[0.0400390625,0.32421875]},"85":{"id":85,"x":49,"y":429,"width":37,"height":47,"letter":"U","xadvance":46,"xoffset":5,"yoffset":12,"scale":1,"range":0,"uvTopLeft":[0.0478515625,0.5810546875],"uvTopRight":[0.083984375,0.5810546875],"uvBottomLeft":[0.0478515625,0.53515625],"uvBottomRight":[0.083984375,0.53515625]},"86":{"id":86,"x":58,"y":119,"width":43,"height":46,"letter":"V","xadvance":43,"xoffset":0,"yoffset":12,"scale":1,"range":0,"uvTopLeft":[0.056640625,0.8837890625],"uvTopRight":[0.0986328125,0.8837890625],"uvBottomLeft":[0.056640625,0.8388671875],"uvBottomRight":[0.0986328125,0.8388671875]},"87":{"id":87,"x":4,"y":69,"width":60,"height":46,"letter":"W","xadvance":60,"xoffset":0,"yoffset":12,"scale":1,"range":0,"uvTopLeft":[0.00390625,0.9326171875],"uvTopRight":[0.0625,0.9326171875],"uvBottomLeft":[0.00390625,0.8876953125],"uvBottomRight":[0.0625,0.8876953125]},"88":{"id":88,"x":68,"y":4,"width":43,"height":46,"letter":"X","xadvance":43,"xoffset":0,"yoffset":12,"scale":1,"range":0,"uvTopLeft":[0.06640625,0.99609375],"uvTopRight":[0.1083984375,0.99609375],"uvBottomLeft":[0.06640625,0.951171875],"uvBottomRight":[0.1083984375,0.951171875]},"89":{"id":89,"x":68,"y":54,"width":43,"height":46,"letter":"Y","xadvance":43,"xoffset":0,"yoffset":12,"scale":1,"range":0,"uvTopLeft":[0.06640625,0.947265625],"uvTopRight":[0.1083984375,0.947265625],"uvBottomLeft":[0.06640625,0.90234375],"uvBottomRight":[0.1083984375,0.90234375]},"90":{"id":90,"x":4,"y":696,"width":37,"height":46,"letter":"Z","xadvance":39,"xoffset":1,"yoffset":12,"scale":1,"range":0,"uvTopLeft":[0.00390625,0.3203125],"uvTopRight":[0.0400390625,0.3203125],"uvBottomLeft":[0.00390625,0.275390625],"uvBottomRight":[0.0400390625,0.275390625]},"91":{"id":91,"x":140,"y":931,"width":13,"height":59,"letter":"[","xadvance":18,"xoffset":4,"yoffset":12,"scale":1,"range":0,"uvTopLeft":[0.13671875,0.0908203125],"uvTopRight":[0.1494140625,0.0908203125],"uvBottomLeft":[0.13671875,0.033203125],"uvBottomRight":[0.1494140625,0.033203125]},"92":{"id":92,"x":101,"y":948,"width":18,"height":48,"letter":"\\","xadvance":18,"xoffset":0,"yoffset":11,"scale":1,"range":0,"uvTopLeft":[0.0986328125,0.07421875],"uvTopRight":[0.1162109375,0.07421875],"uvBottomLeft":[0.0986328125,0.02734375],"uvBottomRight":[0.1162109375,0.02734375]},"93":{"id":93,"x":157,"y":931,"width":13,"height":59,"letter":"]","xadvance":18,"xoffset":1,"yoffset":12,"scale":1,"range":0,"uvTopLeft":[0.1533203125,0.0908203125],"uvTopRight":[0.166015625,0.0908203125],"uvBottomLeft":[0.1533203125,0.033203125],"uvBottomRight":[0.166015625,0.033203125]},"94":{"id":94,"x":106,"y":906,"width":28,"height":25,"letter":"^","xadvance":30,"xoffset":1,"yoffset":11,"scale":1,"range":0,"uvTopLeft":[0.103515625,0.115234375],"uvTopRight":[0.130859375,0.115234375],"uvBottomLeft":[0.103515625,0.0908203125],"uvBottomRight":[0.130859375,0.0908203125]},"95":{"id":95,"x":46,"y":579,"width":38,"height":5,"letter":"_","xadvance":36,"xoffset":-1,"yoffset":67,"scale":1,"range":0,"uvTopLeft":[0.044921875,0.4345703125],"uvTopRight":[0.08203125,0.4345703125],"uvBottomLeft":[0.044921875,0.4296875],"uvBottomRight":[0.08203125,0.4296875]},"96":{"id":96,"x":105,"y":155,"width":13,"height":9,"letter":"`","xadvance":21,"xoffset":2,"yoffset":12,"scale":1,"range":0,"uvTopLeft":[0.1025390625,0.8486328125],"uvTopRight":[0.115234375,0.8486328125],"uvBottomLeft":[0.1025390625,0.83984375],"uvBottomRight":[0.115234375,0.83984375]},"97":{"id":97,"x":44,"y":796,"width":31,"height":34,"letter":"a","xadvance":36,"xoffset":2,"yoffset":24,"scale":1,"range":0,"uvTopLeft":[0.04296875,0.22265625],"uvTopRight":[0.0732421875,0.22265625],"uvBottomLeft":[0.04296875,0.189453125],"uvBottomRight":[0.0732421875,0.189453125]},"98":{"id":98,"x":45,"y":646,"width":29,"height":46,"letter":"b","xadvance":36,"xoffset":4,"yoffset":12,"scale":1,"range":0,"uvTopLeft":[0.0439453125,0.369140625],"uvTopRight":[0.072265625,0.369140625],"uvBottomLeft":[0.0439453125,0.32421875],"uvBottomRight":[0.072265625,0.32421875]},"99":{"id":99,"x":40,"y":910,"width":30,"height":34,"letter":"c","xadvance":32,"xoffset":2,"yoffset":24,"scale":1,"range":0,"uvTopLeft":[0.0390625,0.111328125],"uvTopRight":[0.068359375,0.111328125],"uvBottomLeft":[0.0390625,0.078125],"uvBottomRight":[0.068359375,0.078125]},"100":{"id":100,"x":45,"y":696,"width":29,"height":46,"letter":"d","xadvance":36,"xoffset":2,"yoffset":12,"scale":1,"range":0,"uvTopLeft":[0.0439453125,0.3203125],"uvTopRight":[0.072265625,0.3203125],"uvBottomLeft":[0.0439453125,0.275390625],"uvBottomRight":[0.072265625,0.275390625]},"101":{"id":101,"x":4,"y":951,"width":31,"height":34,"letter":"e","xadvance":36,"xoffset":2,"yoffset":24,"scale":1,"range":0,"uvTopLeft":[0.00390625,0.0712890625],"uvTopRight":[0.0341796875,0.0712890625],"uvBottomLeft":[0.00390625,0.0380859375],"uvBottomRight":[0.0341796875,0.0380859375]},"102":{"id":102,"x":112,"y":781,"width":20,"height":47,"letter":"f","xadvance":18,"xoffset":0,"yoffset":11,"scale":1,"range":0,"uvTopLeft":[0.109375,0.2373046875],"uvTopRight":[0.12890625,0.2373046875],"uvBottomLeft":[0.109375,0.19140625],"uvBottomRight":[0.12890625,0.19140625]},"103":{"id":103,"x":115,"y":4,"width":30,"height":48,"letter":"g","xadvance":36,"xoffset":2,"yoffset":24,"scale":1,"range":0,"uvTopLeft":[0.1123046875,0.99609375],"uvTopRight":[0.1416015625,0.99609375],"uvBottomLeft":[0.1123046875,0.94921875],"uvBottomRight":[0.1416015625,0.94921875]},"104":{"id":104,"x":78,"y":646,"width":28,"height":46,"letter":"h","xadvance":36,"xoffset":4,"yoffset":12,"scale":1,"range":0,"uvTopLeft":[0.076171875,0.369140625],"uvTopRight":[0.103515625,0.369140625],"uvBottomLeft":[0.076171875,0.32421875],"uvBottomRight":[0.103515625,0.32421875]},"105":{"id":105,"x":129,"y":516,"width":6,"height":46,"letter":"i","xadvance":14,"xoffset":4,"yoffset":12,"scale":1,"range":0,"uvTopLeft":[0.1259765625,0.49609375],"uvTopRight":[0.1318359375,0.49609375],"uvBottomLeft":[0.1259765625,0.451171875],"uvBottomRight":[0.1318359375,0.451171875]},"106":{"id":106,"x":123,"y":935,"width":13,"height":60,"letter":"j","xadvance":14,"xoffset":-3,"yoffset":12,"scale":1,"range":0,"uvTopLeft":[0.1201171875,0.0869140625],"uvTopRight":[0.1328125,0.0869140625],"uvBottomLeft":[0.1201171875,0.0283203125],"uvBottomRight":[0.1328125,0.0283203125]},"107":{"id":107,"x":78,"y":696,"width":28,"height":46,"letter":"k","xadvance":32,"xoffset":4,"yoffset":12,"scale":1,"range":0,"uvTopLeft":[0.076171875,0.3203125],"uvTopRight":[0.103515625,0.3203125],"uvBottomLeft":[0.076171875,0.275390625],"uvBottomRight":[0.103515625,0.275390625]},"108":{"id":108,"x":110,"y":677,"width":6,"height":46,"letter":"l","xadvance":14,"xoffset":4,"yoffset":12,"scale":1,"range":0,"uvTopLeft":[0.107421875,0.3388671875],"uvTopRight":[0.11328125,0.3388671875],"uvBottomLeft":[0.107421875,0.2939453125],"uvBottomRight":[0.11328125,0.2939453125]},"109":{"id":109,"x":46,"y":541,"width":46,"height":34,"letter":"m","xadvance":53,"xoffset":4,"yoffset":24,"scale":1,"range":0,"uvTopLeft":[0.044921875,0.4716796875],"uvTopRight":[0.08984375,0.4716796875],"uvBottomLeft":[0.044921875,0.4384765625],"uvBottomRight":[0.08984375,0.4384765625]},"110":{"id":110,"x":74,"y":910,"width":28,"height":34,"letter":"n","xadvance":36,"xoffset":4,"yoffset":24,"scale":1,"range":0,"uvTopLeft":[0.072265625,0.111328125],"uvTopRight":[0.099609375,0.111328125],"uvBottomLeft":[0.072265625,0.078125],"uvBottomRight":[0.099609375,0.078125]},"111":{"id":111,"x":150,"y":55,"width":32,"height":34,"letter":"o","xadvance":36,"xoffset":2,"yoffset":24,"scale":1,"range":0,"uvTopLeft":[0.146484375,0.9462890625],"uvTopRight":[0.177734375,0.9462890625],"uvBottomLeft":[0.146484375,0.9130859375],"uvBottomRight":[0.177734375,0.9130859375]},"112":{"id":112,"x":149,"y":4,"width":30,"height":47,"letter":"p","xadvance":36,"xoffset":4,"yoffset":24,"scale":1,"range":0,"uvTopLeft":[0.1455078125,0.99609375],"uvTopRight":[0.1748046875,0.99609375],"uvBottomLeft":[0.1455078125,0.9501953125],"uvBottomRight":[0.1748046875,0.9501953125]},"113":{"id":113,"x":140,"y":98,"width":29,"height":47,"letter":"q","xadvance":36,"xoffset":2,"yoffset":24,"scale":1,"range":0,"uvTopLeft":[0.13671875,0.904296875],"uvTopRight":[0.1650390625,0.904296875],"uvBottomLeft":[0.13671875,0.8583984375],"uvBottomRight":[0.1650390625,0.8583984375]},"114":{"id":114,"x":110,"y":639,"width":19,"height":34,"letter":"r","xadvance":21,"xoffset":4,"yoffset":24,"scale":1,"range":0,"uvTopLeft":[0.107421875,0.3759765625],"uvTopRight":[0.1259765625,0.3759765625],"uvBottomLeft":[0.107421875,0.3427734375],"uvBottomRight":[0.1259765625,0.3427734375]},"115":{"id":115,"x":79,"y":796,"width":29,"height":34,"letter":"s","xadvance":32,"xoffset":1,"yoffset":24,"scale":1,"range":0,"uvTopLeft":[0.0771484375,0.22265625],"uvTopRight":[0.10546875,0.22265625],"uvBottomLeft":[0.0771484375,0.189453125],"uvBottomRight":[0.10546875,0.189453125]},"116":{"id":116,"x":138,"y":882,"width":17,"height":45,"letter":"t","xadvance":18,"xoffset":1,"yoffset":13,"scale":1,"range":0,"uvTopLeft":[0.134765625,0.138671875],"uvTopRight":[0.1513671875,0.138671875],"uvBottomLeft":[0.134765625,0.0947265625],"uvBottomRight":[0.1513671875,0.0947265625]},"117":{"id":117,"x":97,"y":834,"width":27,"height":34,"letter":"u","xadvance":36,"xoffset":4,"yoffset":24,"scale":1,"range":0,"uvTopLeft":[0.0947265625,0.185546875],"uvTopRight":[0.12109375,0.185546875],"uvBottomLeft":[0.0947265625,0.15234375],"uvBottomRight":[0.12109375,0.15234375]},"118":{"id":118,"x":4,"y":913,"width":32,"height":34,"letter":"v","xadvance":32,"xoffset":0,"yoffset":24,"scale":1,"range":0,"uvTopLeft":[0.00390625,0.1083984375],"uvTopRight":[0.03515625,0.1083984375],"uvBottomLeft":[0.00390625,0.0751953125],"uvBottomRight":[0.03515625,0.0751953125]},"119":{"id":119,"x":74,"y":480,"width":46,"height":34,"letter":"w","xadvance":46,"xoffset":0,"yoffset":24,"scale":1,"range":0,"uvTopLeft":[0.072265625,0.53125],"uvTopRight":[0.1171875,0.53125],"uvBottomLeft":[0.072265625,0.498046875],"uvBottomRight":[0.1171875,0.498046875]},"120":{"id":120,"x":27,"y":848,"width":32,"height":34,"letter":"x","xadvance":32,"xoffset":0,"yoffset":24,"scale":1,"range":0,"uvTopLeft":[0.0263671875,0.171875],"uvTopRight":[0.0576171875,0.171875],"uvBottomLeft":[0.0263671875,0.138671875],"uvBottomRight":[0.0576171875,0.138671875]},"121":{"id":121,"x":91,"y":377,"width":31,"height":48,"letter":"y","xadvance":32,"xoffset":1,"yoffset":24,"scale":1,"range":0,"uvTopLeft":[0.0888671875,0.6318359375],"uvTopRight":[0.119140625,0.6318359375],"uvBottomLeft":[0.0888671875,0.5849609375],"uvBottomRight":[0.119140625,0.5849609375]},"122":{"id":122,"x":63,"y":834,"width":30,"height":34,"letter":"z","xadvance":32,"xoffset":1,"yoffset":24,"scale":1,"range":0,"uvTopLeft":[0.0615234375,0.185546875],"uvTopRight":[0.0908203125,0.185546875],"uvBottomLeft":[0.0615234375,0.15234375],"uvBottomRight":[0.0908203125,0.15234375]},"123":{"id":123,"x":96,"y":518,"width":19,"height":61,"letter":"{","xadvance":21,"xoffset":1,"yoffset":11,"scale":1,"range":0,"uvTopLeft":[0.09375,0.494140625],"uvTopRight":[0.1123046875,0.494140625],"uvBottomLeft":[0.09375,0.4345703125],"uvBottomRight":[0.1123046875,0.4345703125]},"124":{"id":124,"x":119,"y":518,"width":6,"height":61,"letter":"|","xadvance":17,"xoffset":5,"yoffset":11,"scale":1,"range":0,"uvTopLeft":[0.1162109375,0.494140625],"uvTopRight":[0.1220703125,0.494140625],"uvBottomLeft":[0.1162109375,0.4345703125],"uvBottomRight":[0.1220703125,0.4345703125]},"125":{"id":125,"x":4,"y":848,"width":19,"height":61,"letter":"}","xadvance":21,"xoffset":1,"yoffset":11,"scale":1,"range":0,"uvTopLeft":[0.00390625,0.171875],"uvTopRight":[0.0224609375,0.171875],"uvBottomLeft":[0.00390625,0.1123046875],"uvBottomRight":[0.0224609375,0.1123046875]},"126":{"id":126,"x":68,"y":104,"width":33,"height":11,"letter":"~","xadvance":37,"xoffset":2,"yoffset":30,"scale":1,"range":0,"uvTopLeft":[0.06640625,0.8984375],"uvTopRight":[0.0986328125,0.8984375],"uvBottomLeft":[0.06640625,0.8876953125],"uvBottomRight":[0.0986328125,0.8876953125]},"167":{"id":167,"x":4,"y":481,"width":31,"height":60,"letter":"§","xadvance":36,"xoffset":2,"yoffset":11,"scale":1,"range":0,"uvTopLeft":[0.00390625,0.5302734375],"uvTopRight":[0.0341796875,0.5302734375],"uvBottomLeft":[0.00390625,0.4716796875],"uvBottomRight":[0.0341796875,0.4716796875]},"177":{"id":177,"x":115,"y":56,"width":31,"height":38,"letter":"±","xadvance":35,"xoffset":2,"yoffset":20,"scale":1,"range":0,"uvTopLeft":[0.1123046875,0.9453125],"uvTopRight":[0.142578125,0.9453125],"uvBottomLeft":[0.1123046875,0.908203125],"uvBottomRight":[0.142578125,0.908203125]}}}}],"materials":[{"id":-1676,"path":"Default UI Material","assetBundleId":-1,"data":["Default UI Material",31,28,3000,0,[["_StencilComp",8],["_Stencil",0],["_StencilOp",0],["_StencilWriteMask",255],["_StencilReadMask",255],["_ColorMask",15],["_UseUIAlphaClip",0]],[["_Color",1,1,1,1]],[["_MainTex_ST",1,1,0,0]],[["_MainTex",null,null]],[]]}],"prefabs":[{"id":25202,"path":"Assets/UI/ImageArtillery1.prefab","assetBundleId":-1,"components":[{"type":0,"id":25200,"data":[0.5,0.5,0.5,0.5,0.5,0.5,342.140014648438,224.494995117188,-368.559997558594,-552.765991210938,0,0,0,0,1,1,1,1]},{"type":1,"id":25252,"data":[1]},{"type":2,"id":25212,"enabled":1,"class":3,"data":[4,25254,0,0,1,4,1,1,0,0,1,null,null,1,1,1,1,1,1,0,0,0,0]}],"children":[],"data":["ImageArtillery1",0,1,0,5]},{"id":25216,"path":"Assets/UI/ImageArtillery2.prefab","assetBundleId":-1,"components":[{"type":0,"id":25214,"data":[0.5,0.5,0.5,0.5,0.5,0.5,309.864990234375,210.268005371094,2.66599988937378,-561.801025390625,0,0,0,0,1,1,1,1]},{"type":1,"id":25246,"data":[1]},{"type":2,"id":25226,"enabled":1,"class":3,"data":[4,25248,0,0,1,4,1,1,0,0,1,null,null,1,1,1,1,1,1,0,0,0,0]}],"children":[],"data":["ImageArtillery2",0,1,0,5]},{"id":25194,"path":"Assets/UI/ImageArtillery3.prefab","assetBundleId":-1,"components":[{"type":0,"id":25196,"data":[0.5,0.5,0.5,0.5,0.5,0.5,321.971008300781,224.496002197266,378.644012451172,-561.802001953125,0,0,0,0,1,1,1,1]},{"type":1,"id":25240,"data":[1]},{"type":2,"id":25224,"enabled":1,"class":3,"data":[4,25242,0,0,1,4,1,1,0,0,1,null,null,1,1,1,1,1,1,0,0,0,0]}],"children":[],"data":["ImageArtillery3",0,1,0,5]}],"scenes":[{"id":0,"name":"SampleScene","path":"Assets/Scenes/SampleScene.unity","assetBundleId":-1,"data":["SampleScene",0,1],"objects":[{"id":26522,"path":"Main Camera","assetBundleId":0,"components":[{"type":5,"id":26528,"data":[0,0,-10,1,1,1,0,0,0,1]},{"type":6,"id":26526,"data":[1,0.561734199523926,1,5,0,0,0,1,0.300000011920929,1000,60,-1,2,-1,[0,0,1,1],null,null,0,50,36,24,0,0,2,0,1]},{"type":7,"id":26524,"data":[]},{"type":8,"id":26530,"enabled":1,"class":9,"data":[0,26690]}],"children":[],"data":["Main Camera",4,1,0,0]},{"id":26586,"path":"Canvas","assetBundleId":0,"components":[{"type":0,"id":26594,"data":[0.5,0.5,0,0,0,0,1079.2646484375,1921.30834960938,149,265.25,0,0,0,0,1,0.276113927364349,0.276113927364349,0.276113927364349]},{"type":10,"id":26592,"data":[1,100,100,0,0,0,"Default",0,0.276113927364349,null,null,0,0,0,0]},{"type":2,"id":26590,"enabled":1,"class":11,"data":[1,100,1,1080,1920,0,0.5,3,96,96,1,0]},{"type":2,"id":26588,"enabled":1,"class":12,"data":[1,0,-1]}],"children":[{"id":26688,"path":"Canvas","assetBundleId":0,"components":[{"type":0,"id":26690,"data":[0.5,0.5,0.5,0.5,0.5,0.5,1079.30004882813,1921.30004882813,-0.00731089990586042,0.00213850010186434,0,0,0,0,1,1,1,1]},{"type":1,"id":26694,"data":[1]},{"type":2,"id":26692,"enabled":1,"class":13,"data":[14,24860,0,0,1,1,null,null,1,1,1,1,1,1,0,0,0,0]}],"children":[{"id":26666,"path":"Canvas","assetBundleId":0,"components":[{"type":0,"id":26668,"data":[0.5,0.5,0,0,1,0.068000003695488,275.959991455078,157.005706787109,-4.843505859375,-68.8250732421875,0,0,0,0,1,1,1,1]},{"type":1,"id":26672,"data":[1]},{"type":2,"id":26670,"enabled":1,"class":3,"data":[null,null,0,0,1,4,1,1,0,0,1,null,null,1,0.917647123336792,0.705882370471954,0.478431403636932,1,1,0,0,0,0]}],"children":[],"data":["Image",0,0,0,5]},{"id":26612,"path":"Canvas","assetBundleId":0,"components":[{"type":0,"id":26614,"data":[0.5,0.5,0,0.948397636413574,1,1,275.959991455078,169.943298339844,-4.8436279296875,72.8873291015625,0,0,0,0,1,1,1,1]},{"type":1,"id":26618,"data":[1]},{"type":2,"id":26616,"enabled":1,"class":3,"data":[null,null,0,0,1,4,1,1,0,0,1,null,null,1,0.278431385755539,0.48235297203064,0.545098066329956,1,1,0,0,0,0]}],"children":[],"data":["Image (1)",0,0,0,5]},{"id":26658,"path":"Canvas","assetBundleId":0,"components":[{"type":0,"id":26664,"data":[0.5,0.5,1,1,1,1,485.525024414063,132.030029296875,-165,-63,0,0,0,0,1,1,1,1]},{"type":1,"id":26662,"data":[1]},{"type":2,"id":26660,"enabled":1,"class":15,"data":[[16,486,103,1,0,10,103,0,0,1,0,0,1],"New Text",null,null,1,1,0,0,1,1,0,0,0,0]}],"children":[],"data":["Text (Legacy)",0,0,0,5]},{"id":26582,"path":"Canvas","assetBundleId":0,"components":[{"type":0,"id":26584,"data":[0.5,0.5,0.5,0.5,0.5,0.5,100,100,0,0,0,0,0,0,1,1,1,1]}],"children":[{"id":26498,"path":"Canvas","assetBundleId":0,"components":[{"type":0,"id":26500,"data":[0.5,0.5,0,0.114877127110958,0.338000029325485,0.280356645584106,334.8154296875,304.186859130859,-327.796356201172,-547.793334960938,0,0,0,0,1,1,1,1]},{"type":1,"id":26504,"data":[1]},{"type":2,"id":26502,"enabled":1,"class":3,"data":[4,25206,0,0,1,4,1,1,0,0,1,null,null,1,1,1,1,1,1,0,0,0,0]},{"type":8,"id":26506,"enabled":1,"class":17,"data":[3,26570,[18,26468,18,26448,18,26492],19,26554,20,26600,20,26512]}],"children":[{"id":-185004,"path":"Canvas","assetBundleId":0,"components":[{"type":0,"id":26568,"data":[0.5,0.5,0.5,0.5,0.5,0.5,342.140014648438,224.494995117188,-1,19,0,0,0,0,1,1,1,1]},{"type":1,"id":-185006,"data":[1]},{"type":2,"id":26570,"enabled":1,"class":3,"data":[4,25254,0,0,1,4,1,1,0,0,1,null,null,1,1,1,1,1,1,0,0,0,0]}],"children":[],"data":["ImageArtillery1",0,0,0,5]},{"id":26464,"path":"Canvas","assetBundleId":0,"components":[{"type":0,"id":26466,"data":[0.5,0.5,0.5,0.5,0.5,0.5,82.7160034179688,97.0640029907227,55.8769989013672,19.6240005493164,0,0,0,0,1,2.29999995231628,2.29999995231628,2.29999995231628]},{"type":1,"id":26472,"data":[1]},{"type":2,"id":26470,"enabled":1,"class":3,"data":[4,25190,0,0,1,4,1,1,0,0,1,null,null,1,1,1,1,1,1,0,0,0,0]},{"type":8,"id":26468,"enabled":1,"class":18,"data":[5,90]}],"children":[],"data":["Hand",0,0,0,5]}],"data":["Atrillery1",0,1,0,5]},{"id":26532,"path":"Canvas","assetBundleId":0,"components":[{"type":0,"id":26534,"data":[0.5,0.5,0.327853053808212,0.114877127110958,0.682146966457367,0.303479552268982,342.652069091797,345.053588867188,5.00749206542969,-527.359619140625,0,0,0,0,1,1,1,1]},{"type":1,"id":26538,"data":[1]},{"type":2,"id":26536,"enabled":1,"class":3,"data":[4,25208,0,0,1,4,1,1,0,0,1,null,null,1,1,1,1,1,1,0,0,0,0]},{"type":8,"id":26540,"enabled":1,"class":17,"data":[3,26726,[18,26468,18,26448,18,26492],19,26554,20,26678,null,null]}],"children":[{"id":-184996,"path":"Canvas","assetBundleId":0,"components":[{"type":0,"id":26724,"data":[0.5,0.5,0.5,0.5,0.5,0.5,309.864990234375,210.268005371094,2.66599988937378,-561.801025390625,0,0,0,0,1,1,1,1]},{"type":1,"id":-184998,"data":[1]},{"type":2,"id":26726,"enabled":1,"class":3,"data":[4,25248,0,0,1,4,1,1,0,0,1,null,null,1,1,1,1,1,1,0,0,0,0]}],"children":[],"data":["ImageArtillery2",0,1,0,5]},{"id":26444,"path":"Canvas","assetBundleId":0,"components":[{"type":0,"id":26446,"data":[0.5,0.5,0.5,0.5,0.5,0.5,80.0220031738281,100,59.9749984741211,1.4101505279541,0,0,0,0,1,2.30000019073486,2.30000019073486,2.30000019073486]},{"type":1,"id":26452,"data":[1]},{"type":2,"id":26450,"enabled":1,"class":3,"data":[4,25190,0,0,1,4,1,1,0,0,1,null,null,1,1,1,1,1,1,0,0,0,0]},{"type":8,"id":26448,"enabled":1,"class":18,"data":[5,90]}],"children":[],"data":["Hand",0,0,0,5]}],"data":["Atrillery2",0,1,0,5]},{"id":26640,"path":"Canvas","assetBundleId":0,"components":[{"type":0,"id":26642,"data":[0.5,0.5,0.672881722450256,0.125479519367218,1,0.303479552268982,338.914916992188,320.517425537109,338.12451171875,-522.029479980469,0,0,0,0,1,1,1,1]},{"type":1,"id":26646,"data":[1]},{"type":2,"id":26644,"enabled":1,"class":3,"data":[4,25220,0,0,1,4,1,1,0,0,1,null,null,1,1,1,1,1,1,0,0,0,0]},{"type":8,"id":26648,"enabled":1,"class":17,"data":[3,26722,[18,26468,18,26448,18,26492],19,26554,20,26732,null,null]}],"children":[{"id":-185000,"path":"Canvas","assetBundleId":0,"components":[{"type":0,"id":26720,"data":[0.5,0.5,0.5,0.5,0.5,0.5,321.971008300781,224.496002197266,378.644012451172,-561.802001953125,0,0,0,0,1,1,1,1]},{"type":1,"id":-185002,"data":[1]},{"type":2,"id":26722,"enabled":1,"class":3,"data":[4,25242,0,0,1,4,1,1,0,0,1,null,null,1,1,1,1,1,1,0,0,0,0]}],"children":[],"data":["ImageArtillery3",0,1,0,5]},{"id":26488,"path":"Canvas","assetBundleId":0,"components":[{"type":0,"id":26490,"data":[0.5,0.5,0.5,0.5,0.5,0.5,78.120002746582,100,28,-4.4501781463623,0,0,0,0,1,2.30000042915344,2.30000042915344,2.30000042915344]},{"type":1,"id":26496,"data":[1]},{"type":2,"id":26494,"enabled":1,"class":3,"data":[4,25190,0,0,1,4,1,1,0,0,1,null,null,1,1,1,1,1,1,0,0,0,0]},{"type":8,"id":26492,"enabled":1,"class":18,"data":[5,90]}],"children":[],"data":["Hand",0,0,0,5]}],"data":["Atrillery3",0,1,0,5]}],"data":["Icons",0,0,0,5]},{"id":26596,"path":"Canvas","assetBundleId":0,"components":[{"type":0,"id":26598,"data":[0.5,0.5,0.606322467327118,0.457233786582947,0.841367363929749,0.540561497211456,23.2269973754883,-7.24099731445313,-2.5,15.5,0,0,0,0,1,1,1,1]},{"type":1,"id":26608,"data":[1]},{"type":2,"id":26606,"enabled":1,"class":3,"data":[null,null,0,0,1,4,1,1,0,0,1,null,null,1,1,1,1,0,1,0,0,0,0]},{"type":21,"id":26604,"data":[0,0,218.905487060547,173.738418579102,0,1,1,0,1,-6.48725891113281,25.7263851165771,null,null]},{"type":22,"id":26602,"data":[0,null,null,0,0,1,0,0.0500000007450581,1,0,1,0]},{"type":8,"id":26600,"enabled":1,"class":20,"data":[]}],"children":[{"id":26454,"path":"Canvas","assetBundleId":0,"components":[{"type":0,"id":26456,"data":[0.5,0.5,0.5,0.5,0.5,0.5,100,100,-23,137,0,0,0,1,0,1,1,1]},{"type":1,"id":26462,"data":[1]},{"type":2,"id":26460,"enabled":1,"class":3,"data":[4,25192,0,0,1,4,1,1,0,0,1,null,null,1,1,1,1,1,1,0,0,0,0]},{"type":8,"id":26458,"enabled":1,"class":18,"data":[5,70]}],"children":[],"data":["Arrow",0,1,0,5]}],"data":["Spawn location1",0,0,0,5]},{"id":26674,"path":"Canvas","assetBundleId":0,"components":[{"type":0,"id":26676,"data":[0.5,0.5,0.462779581546783,0.492163866758347,0.711898028850555,0.571766257286072,8.22698974609375,-0.240997314453125,-2,-5.5,0,0,0,0,1,1,1,1]},{"type":1,"id":26686,"data":[1]},{"type":2,"id":26684,"enabled":1,"class":3,"data":[null,null,0,0,1,4,1,1,0,0,1,null,null,1,1,1,1,0,1,0,0,0,0]},{"type":21,"id":26682,"data":[0,0,218.905487060547,173.738418579102,0,1,1,0,1,-6.48725891113281,25.7263851165771,null,null]},{"type":22,"id":26680,"data":[0,null,null,0,0,1,0,0.0500000007450581,1,0,1,0]},{"type":8,"id":26678,"enabled":1,"class":20,"data":[]}],"children":[{"id":26630,"path":"Canvas","assetBundleId":0,"components":[{"type":0,"id":26632,"data":[0.5,0.5,0.5,0.5,0.5,0.5,100,100,-23,149,0,0,0,1,0,1,1,1]},{"type":1,"id":26638,"data":[1]},{"type":2,"id":26636,"enabled":1,"class":3,"data":[4,25192,0,0,1,4,1,1,0,0,1,null,null,1,1,1,1,1,1,0,0,0,0]},{"type":8,"id":26634,"enabled":1,"class":18,"data":[5,70]}],"children":[],"data":["Arrow",0,1,0,5]}],"data":["Spawn location2",0,0,0,5]},{"id":26508,"path":"Canvas","assetBundleId":0,"components":[{"type":0,"id":26510,"data":[0.5,0.5,0.262808233499527,0.398000031709671,0.5,0.475000023841858,21.2269897460938,4.75900268554688,-5.5,-10.5,0,0,0,0,1,1,1,1]},{"type":1,"id":26520,"data":[1]},{"type":2,"id":26518,"enabled":1,"class":3,"data":[null,null,0,0,1,4,1,1,0,0,1,null,null,1,1,1,1,0,1,0,0,0,0]},{"type":21,"id":26516,"data":[0,0,218.905487060547,173.738418579102,0,1,1,0,1,-6.48725891113281,25.7263851165771,null,null]},{"type":22,"id":26514,"data":[0,null,null,0,0,1,0,0.0500000007450581,1,0,1,0]},{"type":8,"id":26512,"enabled":1,"class":20,"data":[]}],"children":[{"id":26742,"path":"Canvas","assetBundleId":0,"components":[{"type":0,"id":26744,"data":[0.5,0.5,0.5,0.5,0.5,0.5,100,100,-23,149,0,0,0,1,0,1,1,1]},{"type":1,"id":26750,"data":[1]},{"type":2,"id":26748,"enabled":1,"class":3,"data":[4,25192,0,0,1,4,1,1,0,0,1,null,null,1,1,1,1,1,1,0,0,0,0]},{"type":8,"id":26746,"enabled":1,"class":18,"data":[5,70]}],"children":[],"data":["Arrow",0,1,0,5]}],"data":["Spawn location3",0,0,0,5]},{"id":26728,"path":"Canvas","assetBundleId":0,"components":[{"type":0,"id":26730,"data":[0.5,0.5,0.433808267116547,0.475000023841858,0.63967752456665,0.559274673461914,55.2269897460938,-9.24099731445313,6,3,0,0,0,0,1,1,1,1]},{"type":1,"id":26740,"data":[1]},{"type":2,"id":26738,"enabled":1,"class":3,"data":[null,null,0,0,1,4,1,1,0,0,1,null,null,1,1,1,1,0,1,0,0,0,0]},{"type":21,"id":26736,"data":[0,0,218.905487060547,173.738418579102,0,1,1,0,1,-6.48725891113281,25.7263851165771,null,null]},{"type":22,"id":26734,"data":[0,null,null,0,0,1,0,0.0500000007450581,1,0,1,0]},{"type":8,"id":26732,"enabled":1,"class":20,"data":[]}],"children":[{"id":26478,"path":"Canvas","assetBundleId":0,"components":[{"type":0,"id":26480,"data":[0.5,0.5,0.5,0.5,0.5,0.5,100,100,-23,149,0,0,0,1,0,1,1,1]},{"type":1,"id":26486,"data":[1]},{"type":2,"id":26484,"enabled":1,"class":3,"data":[4,25192,0,0,1,4,1,1,0,0,1,null,null,1,1,1,1,1,1,0,0,0,0]},{"type":8,"id":26482,"enabled":1,"class":18,"data":[5,70]}],"children":[],"data":["Arrow",0,1,0,5]}],"data":["Spawn location4",0,0,0,5]},{"id":26560,"path":"Canvas","assetBundleId":0,"components":[{"type":0,"id":26562,"data":[0.5,0.5,0.666559219360352,0.594520509243011,0.666559219360352,0.594520509243011,291.9580078125,82.984001159668,2.39999389648438,3.30000305175781,0,0,0,0,1,1,1,1]},{"type":1,"id":26566,"data":[1]},{"type":2,"id":26564,"enabled":1,"class":3,"data":[4,25210,0,0,1,4,1,1,0,0,1,null,null,1,1,1,1,1,1,0,0,0,0]}],"children":[{"id":26572,"path":"Canvas","assetBundleId":0,"components":[{"type":0,"id":26574,"data":[0.5,0.5,0.5,0.5,0.5,0.5,208.667007446289,263,100.699996948242,-118.099998474121,0,0,0,0,1,1,1,1]},{"type":1,"id":26580,"data":[1]},{"type":2,"id":26578,"enabled":1,"class":3,"data":[4,25190,0,0,1,4,1,1,0,0,1,null,null,1,1,1,1,1,1,0,0,0,0]},{"type":8,"id":26576,"enabled":1,"class":23,"data":[8,0.100000001490116,24,26714,19,26554,25,26560]}],"children":[],"data":["Image",0,1,0,5]},{"id":26710,"path":"Canvas","assetBundleId":0,"components":[{"type":0,"id":26712,"data":[0.5,0.5,0.5,0.5,0.5,0.5,291.959991455078,82.984001159668,-0.00051497999811545,0.0000934600029722787,0,0,0,0,1,1,1,1]},{"type":1,"id":26718,"data":[1]},{"type":2,"id":26716,"enabled":1,"class":3,"data":[4,662,1,0,1,4,1,1,0,0,1,null,null,1,1,1,1,0,1,0,0,0,0]},{"type":2,"id":26714,"enabled":1,"class":24,"data":[[[[]]],[3,0,null,null,null,null,null,null,null,null],1,[1,1,1,1,0.960784316062927,0.960784316062927,0.960784316062927,1,0.7843137383461,0.7843137383461,0.7843137383461,1,0.960784316062927,0.960784316062927,0.960784316062927,1,0.7843137383461,0.7843137383461,0.7843137383461,0.501960813999176,1,0.100000001490116],[null,null,null,null,null,null,null,null],["Normal","Highlighted","Pressed","Selected","Disabled"],1,3,26716]}],"children":[],"data":["Button (Legacy)",0,1,0,5]}],"data":["ImageUpgrade1",0,0,0,5]},{"id":26702,"path":"Canvas","assetBundleId":0,"components":[{"type":0,"id":26704,"data":[0.5,0.5,0.5,0.621000051498413,0.5,0.621000051498413,291.9580078125,82.984001159668,-3,-7,0,0,0,0,1,1,1,1]},{"type":1,"id":26708,"data":[1]},{"type":2,"id":26706,"enabled":1,"class":3,"data":[4,25210,0,0,1,4,1,1,0,0,1,null,null,1,1,1,1,1,1,0,0,0,0]}],"children":[{"id":26620,"path":"Canvas","assetBundleId":0,"components":[{"type":0,"id":26622,"data":[0.5,0.5,0.5,0.5,0.5,0.5,208.667007446289,263,100.699996948242,-118.099998474121,0,0,0,0,1,1,1,1]},{"type":1,"id":26628,"data":[1]},{"type":2,"id":26626,"enabled":1,"class":3,"data":[4,25190,0,0,1,4,1,1,0,0,1,null,null,1,1,1,1,1,1,0,0,0,0]},{"type":8,"id":26624,"enabled":1,"class":23,"data":[8,0.100000001490116,24,26546,19,26554,25,26702]}],"children":[],"data":["Image",0,1,0,5]},{"id":26542,"path":"Canvas","assetBundleId":0,"components":[{"type":0,"id":26544,"data":[0.5,0.5,0.5,0.5,0.5,0.5,291.959991455078,82.984001159668,-0.00051497999811545,0.0000934600029722787,0,0,0,0,1,1,1,1]},{"type":1,"id":26550,"data":[1]},{"type":2,"id":26548,"enabled":1,"class":3,"data":[4,662,1,0,1,4,1,1,0,0,1,null,null,1,1,1,1,0,1,0,0,0,0]},{"type":2,"id":26546,"enabled":1,"class":24,"data":[[[[]]],[3,0,null,null,null,null,null,null,null,null],1,[1,1,1,1,0.960784316062927,0.960784316062927,0.960784316062927,1,0.7843137383461,0.7843137383461,0.7843137383461,1,0.960784316062927,0.960784316062927,0.960784316062927,1,0.7843137383461,0.7843137383461,0.7843137383461,0.501960813999176,1,0.100000001490116],[null,null,null,null,null,null,null,null],["Normal","Highlighted","Pressed","Selected","Disabled"],1,3,26548]}],"children":[],"data":["Button (Legacy)",0,1,0,5]}],"data":["ImageUpgrade2",0,0,0,5]}],"data":["RawImage",0,1,0,5]}],"data":["Canvas",0,1,0,5]},{"id":26650,"path":"EventSystem","assetBundleId":0,"components":[{"type":5,"id":26656,"data":[0,0,0,1,1,1,0,0,0,1]},{"type":2,"id":26654,"enabled":1,"class":26,"data":[null,null,1,10]},{"type":2,"id":26652,"enabled":1,"class":27,"data":["Horizontal","Vertical","Submit","Cancel",10,0.5,0,1]}],"children":[],"data":["EventSystem",0,1,0,0]},{"id":26696,"path":"VideoPlayer","assetBundleId":0,"components":[{"type":5,"id":26700,"data":[0,0,0,1,1,1,0,0,0,1]},{"type":28,"id":26698,"data":[1,0,29,25222,"",1,0,2,14,24860,null,null,"",1]}],"children":[],"data":["VideoPlayer",0,1,0,0]},{"id":26552,"path":"TimeController","assetBundleId":0,"components":[{"type":5,"id":26556,"data":[0,0,0,1,1,1,0,0,0,1]},{"type":8,"id":26554,"enabled":1,"class":19,"data":[30,26558,28,26698,18,26468,18,26448,18,26492,25,26560,25,26702,17,26506,17,26540,17,26648]},{"type":8,"id":26558,"enabled":1,"class":30,"data":[25,26582]}],"children":[],"data":["TimeController",0,1,0,0]}],"render_settings":{"data":[1,1,3,0.211999997496605,0.226999998092651,0.25900000333786,1,0.211999997496605,0.226999998092651,0.25900000333786,1,0.0469999983906746,0.0430000014603138,0.0350000001490116,1,0.114000000059605,0.125,0.133000001311302,1,0.5,0.5,0.5,1,300,0,0.00999999977648258,0,null,null,3,[],[[0,0],[0,0],[0,0],[0,0],[0,0],[0,0]],1,2,1,[0.03696759,0,0,0,0,0,0,0,0,0.04214946,0,0,0,0,0,0,0,0,0.05455384,0,0,0,0,0,0,0,0],[0,0,0,0,0,0,0,0,0,0,0,0,0,0,0,0,0,0,0,0,0,0,0,0,0,0,0],0,null,null,null,null,0,128,0,4,0,0,1]},"shaders":[48,32,28]}],"shaders":[{"id":32,"assetBundleId":-1,"data":[[],"Hidden/InternalErrorShader",null,[],[[0,0,"",0,"",0,[4,null],[1,null],[2,null],[[1,null],[0,null],[0,null]],[[1,null],[0,null],[0,null]],[15,null],[0,null],[0,null],[0,null],[255,null],[255,null],[[0,null],[0,null],[0,null],[8,null]],[[0,null],[0,null],[0,null],[8,null]],[[0,null],[0,null],[0,null],[8,null]],[],[],[],[],[],0]],[],[],null,null,0,0,0]}],"videos":[{"id":25222,"path":"Assets/Video/output(compress-video-online.com) (2).mp4","assetBundleId":-1,"data":["output(compress-video-online.com) (2)",406,720,30,"912"],"ext":".mp4"}],"sprites":[{"id":25190,"path":"Assets/Sprites/Снимок экрана 2025-04-05 162541.png","assetBundleId":-1,"data":["Снимок экрана 2025-04-05 162541",32,25228,[0.01500002,0.01000002,0,0.59,0.84,0],[0.305,0.85,0,0.7259259,1,0.605,-0.83,0,0.9481481,0.01176471,0.605,0.25,0,0.9481481,0.6470588,-0.015,-0.83,0,0.4888889,0.01176471,-0.575,0.85,0,0.07407407,1,-0.575,-0.57,0,0.07407407,0.1647059],[5,4,3,0,3,4,1,3,0,2,1,0],-0.000563854060601443,-0.000252399506280199,0.999436140060425,0.999747574329376,0.0740740746259689,0.0117647061124444,0.948148131370544,1,0,0,0,0,[0,0,0,0],[-0.675,-0.85,0.675,0.85],100,135,170,135,170,67.5,85,10.0761203765869,2.04290795326233]},{"id":25206,"path":"Assets/Sprites/1,,.png","assetBundleId":-1,"data":["1,,",32,25232,[-0.04500002,0.06,0,1.075,0.765,0],[1.03,0.755,0,0.9401709,0.879397,1.02,-0.595,0,0.9358974,0.201005,1.03,0.005,0,0.9401709,0.5025126,0.97,0.825,0,0.9145299,0.9145728,0.94,-0.705,0,0.9017094,0.1457286,-1.02,0.825,0,0.06410257,0.9145728,-1.02,-0.705,0,0.06410257,0.1457286,-1.04,0.805,0,0.05555556,0.9045226,-1.07,-0.655,0,0.04273501,0.1708543,-1.09,0.765,0,0.03418804,0.8844221,-1.11,-0.575,0,0.02564103,0.2110553,-1.12,0.705,0,0.02136752,0.8542714,-1.12,-0.535,0,0.02136752,0.2311558],[12,11,10,9,10,11,8,10,9,7,8,9,6,8,7,5,6,7,4,6,5,3,4,5,1,4,3,0,1,3,2,1,0],-0.000325300177792087,-0.000382509955670685,0.999674677848816,0.999617516994476,0.021367521956563,0.145728647708893,0.94017094373703,0.914572834968567,0,0,0,0,[0,0,0,0],[-1.17,-0.995,1.17,0.995],100,234,199,234,199,117,99.5,5.07612037658691,29.0761203765869]},{"id":25192,"path":"Assets/Sprites/up.png","assetBundleId":-1,"data":["up",32,25230,[0,0,0,6.4,6.4,0],[-6.36,0.6,0,0.003125,0.546875,-6.38,-0.11,0,0.0015625,0.4914063,-6.36,-0.15,0,0.003125,0.4882813,-6.4,0.53,0,0,0.5414063,-6.4,-0.08,0,0,0.49375,-6.29,0.75,0,0.00859375,0.5585938,-6.26,-0.32,0,0.0109375,0.475,-6.26,0.77,0,0.0109375,0.5601562,-6.31,-0.26,0,0.00703125,0.4796875,-6.32,0.69,0,0.00625,0.5539063,-6.32,-0.24,0,0.00625,0.48125,-6.34,0.67,0,0.0046875,0.5523437,-6.34,-0.22,0,0.0046875,0.4828125,-6.36,0.62,0,0.003125,0.5484375,-6.36,-0.17,0,0.003125,0.4867187,-6.26,0.78,0,0.0109375,0.5609375,-6.22,-0.37,0,0.0140625,0.4710937,-6.22,0.82,0,0.0140625,0.5640625,-6.26,-0.33,0,0.0109375,0.4742188,6.22,0.83,0,0.9859375,0.5648438,6.22,-0.37,0,0.9859375,0.4710937,6.22,0.82,0,0.9859375,0.5640625,6.22,-0.38,0,0.9859375,0.4703125,6.12,-0.48,0,0.978125,0.4625,6.11,-0.48,0,0.9773437,0.4625,6.1,0.95,0,0.9765625,0.5742188,6.09,0.95,0,0.9757813,0.5742188,6.03,-0.55,0,0.9710938,0.4570313,6.01,-0.57,0,0.9695312,0.4554687,5.98,-0.58,0,0.9671875,0.4546875,5.96,-0.6,0,0.965625,0.453125,5.91,-0.62,0,0.9617187,0.4515625,5.89,-0.62,0,0.9601563,0.4515625,5.87,-0.64,0,0.9585937,0.45,5.85,-0.64,0,0.9570313,0.45,5.84,1.2,0,0.95625,0.59375,5.83,1.2,0,0.9554688,0.59375,5.82,-0.66,0,0.9546875,0.4484375,5.76,-0.67,0,0.95,0.4476562,5.75,-0.68,0,0.9492188,0.446875,5.68,-0.69,0,0.94375,0.4460937,5.67,-0.7,0,0.9429687,0.4453125,5.6,1.43,0,0.9375,0.6117188,5.6,-0.7,0,0.9375,0.4453125,5.59,1.43,0,0.9367188,0.6117188,5.59,-0.69,0,0.9367188,0.4460937,5.57,-0.71,0,0.9351562,0.4445313,5.36,1.66,0,0.91875,0.6296875,5.35,1.66,0,0.9179688,0.6296875,5.12,1.89,0,0.9,0.6476563,5.11,1.89,0,0.8992187,0.6476563,4.86,2.14,0,0.8796875,0.6671875,4.85,2.14,0,0.8789063,0.6671875,4.62,2.37,0,0.8609375,0.6851562,4.61,2.37,0,0.8601562,0.6851562,4.38,2.6,0,0.8421875,0.703125,4.37,2.6,0,0.8414062,0.703125,4.14,2.83,0,0.8234375,0.7210938,4.13,2.83,0,0.8226563,0.7210938,3.88,3.08,0,0.803125,0.740625,3.87,3.08,0,0.8023437,0.740625,3.64,3.31,0,0.784375,0.7585937,3.63,3.31,0,0.7835938,0.7585937,3.4,3.54,0,0.765625,0.7765625,3.39,3.54,0,0.7648438,0.7765625,3.14,3.79,0,0.7453125,0.7960938,3.13,3.79,0,0.7445313,0.7960938,2.9,4.02,0,0.7265625,0.8140625,2.89,4.02,0,0.7257813,0.8140625,2.77,-0.71,0,0.7164062,0.4445313,2.76,-5.61,0,0.715625,0.06171875,2.77,-5.6,0,0.7164062,0.0625,2.75,-5.69,0,0.7148438,0.05546875,2.76,-5.68,0,0.715625,0.05625,2.74,-5.73,0,0.7140625,0.05234375,2.75,-5.72,0,0.7148438,0.053125,2.72,-5.8,0,0.7125,0.046875,2.74,-5.77,0,0.7140625,0.04921875,2.66,4.25,0,0.7078125,0.8320313,2.72,-5.83,0,0.7125,0.04453125,2.65,4.25,0,0.7070313,0.8320313,2.64,-6,0,0.70625,0.03125,2.6,-6.04,0,0.703125,0.028125,2.56,-6.09,0,0.7,0.02421875,2.6,-6.05,0,0.703125,0.02734375,2.43,-6.23,0,0.6898438,0.01328125,2.56,-6.1,0,0.7,0.0234375,2.42,-6.23,0,0.6890625,0.01328125,2.4,4.5,0,0.6875,0.8515625,2.39,4.5,0,0.6867188,0.8515625,2.35,-6.3,0,0.6835938,0.0078125,2.3,-6.32,0,0.6796875,0.00625,2.28,-6.34,0,0.678125,0.0046875,2.19,-6.38,0,0.6710938,0.0015625,2.17,-6.38,0,0.6695312,0.0015625,2.16,4.73,0,0.66875,0.8695313,2.15,4.73,0,0.6679688,0.8695313,2.14,-6.4,0,0.6671875,0,1.92,4.96,0,0.65,0.8875,1.91,4.96,0,0.6492187,0.8875,1.68,5.19,0,0.63125,0.9054688,1.67,5.19,0,0.6304687,0.9054688,1.42,5.44,0,0.6109375,0.925,1.41,5.44,0,0.6101562,0.925,1.18,5.67,0,0.5921875,0.9429687,1.17,5.67,0,0.5914062,0.9429687,0.94,5.9,0,0.5734375,0.9609375,0.93,5.9,0,0.5726563,0.9609375,0.7,6.13,0,0.5546875,0.9789063,0.69,6.13,0,0.5539063,0.9789063,0.58,6.24,0,0.5453125,0.9875,0.57,6.24,0,0.5445312,0.9875,0.53,6.28,0,0.5414063,0.990625,0.52,6.28,0,0.540625,0.990625,0.48,6.32,0,0.5375,0.99375,0.43,6.34,0,0.5335938,0.9953125,0.4,6.36,0,0.53125,0.996875,0.38,6.36,0,0.5296875,0.996875,0.35,6.38,0,0.5273438,0.9984375,0.33,6.38,0,0.5257813,0.9984375,0.29,6.4,0,0.5226563,1,-0.29,6.4,0,0.4773437,1,-0.33,6.38,0,0.4742188,0.9984375,-0.35,6.38,0,0.4726563,0.9984375,-0.38,6.36,0,0.4703125,0.996875,-0.4,6.36,0,0.46875,0.996875,-0.43,6.34,0,0.4664063,0.9953125,-0.48,6.32,0,0.4625,0.99375,-0.5,6.3,0,0.4609375,0.9921875,-0.54,6.28,0,0.4578125,0.990625,-0.57,6.24,0,0.4554687,0.9875,-0.58,6.24,0,0.4546875,0.9875,-0.67,6.15,0,0.4476562,0.9804688,-0.68,6.15,0,0.446875,0.9804688,-0.91,5.92,0,0.4289063,0.9625,-0.92,5.92,0,0.428125,0.9625,-1.17,5.67,0,0.4085937,0.9429687,-1.18,5.67,0,0.4078125,0.9429687,-1.41,5.44,0,0.3898438,0.925,-1.42,5.44,0,0.3890625,0.925,-1.65,5.21,0,0.3710938,0.9070312,-1.66,5.21,0,0.3703125,0.9070312,-1.91,4.96,0,0.3507813,0.8875,-1.92,4.96,0,0.35,0.8875,-2.14,-6.4,0,0.3328125,0,-2.15,4.73,0,0.3320313,0.8695313,-2.16,4.73,0,0.33125,0.8695313,-2.17,-6.38,0,0.3304687,0.0015625,-2.19,-6.38,0,0.3289062,0.0015625,-2.3,-6.33,0,0.3203125,0.00546875,-2.32,-6.31,0,0.31875,0.00703125,-2.35,-6.3,0,0.3164063,0.0078125,-2.37,-6.27,0,0.3148437,0.01015625,-2.38,-6.27,0,0.3140625,0.01015625,-2.39,4.5,0,0.3132812,0.8515625,-2.4,4.5,0,0.3125,0.8515625,-2.42,-6.23,0,0.3109375,0.01328125,-2.43,-6.23,0,0.3101563,0.01328125,-2.56,-6.09,0,0.3,0.02421875,-2.6,-6.06,0,0.296875,0.0265625,-2.62,-6.02,0,0.2953125,0.0296875,-2.64,-6,0,0.29375,0.03125,-2.65,4.25,0,0.2929688,0.8320313,-2.66,4.25,0,0.2921875,0.8320313,-2.66,-5.95,0,0.2921875,0.03515625,-2.68,-5.9,0,0.290625,0.0390625,-2.7,-5.85,0,0.2890625,0.04296875,-2.72,-5.8,0,0.2875,0.046875,-2.74,-5.73,0,0.2859375,0.05234375,-2.75,-5.62,0,0.2851563,0.0609375,-2.77,-0.71,0,0.2835937,0.4445313,-2.89,4.02,0,0.2742187,0.8140625,-2.9,4.02,0,0.2734375,0.8140625,-3.13,3.79,0,0.2554688,0.7960938,-3.14,3.79,0,0.2546875,0.7960938,-3.37,3.56,0,0.2367187,0.778125,-3.38,3.56,0,0.2359375,0.778125,-3.63,3.31,0,0.2164063,0.7585937,-3.64,3.31,0,0.215625,0.7585937,-3.87,3.08,0,0.1976562,0.740625,-3.88,3.08,0,0.196875,0.740625,-4.11,2.85,0,0.1789062,0.7226563,-4.12,2.85,0,0.178125,0.7226563,-4.35,2.62,0,0.1601563,0.7046875,-4.36,2.62,0,0.159375,0.7046875,-4.61,2.37,0,0.1398437,0.6851562,-4.62,2.37,0,0.1390625,0.6851562,-4.85,2.14,0,0.1210938,0.6671875,-4.86,2.14,0,0.1203125,0.6671875,-5.09,1.91,0,0.1023438,0.6492187,-5.1,1.91,0,0.1015625,0.6492187,-5.33,1.68,0,0.08359375,0.63125,-5.34,1.68,0,0.0828125,0.63125,-5.57,-0.71,0,0.06484375,0.4445313,-5.59,1.43,0,0.06328125,0.6117188,-5.59,-0.69,0,0.06328125,0.4460937,-5.6,1.43,0,0.0625,0.6117188,-5.6,-0.7,0,0.0625,0.4453125,-5.67,-0.7,0,0.05703125,0.4453125,-5.68,-0.69,0,0.05625,0.4460937,-5.75,-0.68,0,0.05078125,0.446875,-5.79,-0.66,0,0.04765625,0.4484375,-5.82,-0.66,0,0.0453125,0.4484375,-5.83,1.2,0,0.04453125,0.59375,-5.84,1.2,0,0.04375,0.59375,-5.85,-0.64,0,0.04296875,0.45,-5.87,-0.64,0,0.04140625,0.45,-5.89,-0.62,0,0.03984375,0.4515625,-5.91,-0.62,0,0.03828125,0.4515625,-5.96,-0.6,0,0.034375,0.453125,-5.98,-0.58,0,0.0328125,0.4546875,-6,-0.57,0,0.03125,0.4554687,-6.06,-0.52,0,0.0265625,0.459375,-6.07,-0.52,0,0.02578125,0.459375,-6.08,0.96,0,0.025,0.575,-6.09,0.96,0,0.02421875,0.575,-6.11,-0.48,0,0.02265625,0.4625,-6.12,-0.48,0,0.021875,0.4625,-6.22,0.83,0,0.0140625,0.5648438,-6.22,-0.38,0,0.0140625,0.4703125,6.26,0.78,0,0.9890625,0.5609375,6.26,-0.32,0,0.9890625,0.475,6.26,0.77,0,0.9890625,0.5601562,6.26,-0.33,0,0.9890625,0.4742188,6.36,0.62,0,0.996875,0.5484375,6.36,-0.15,0,0.996875,0.4882813,6.36,0.6,0,0.996875,0.546875,6.36,-0.17,0,0.996875,0.4867187,6.34,0.67,0,0.9953125,0.5523437,6.34,-0.22,0,0.9953125,0.4828125,6.32,0.69,0,0.99375,0.5539063,6.32,-0.24,0,0.99375,0.48125,6.31,0.71,0,0.9929687,0.5554687,6.29,-0.3,0,0.9914063,0.4765625,6.4,0.53,0,1,0.5414063,6.38,-0.11,0,0.9984375,0.4914063,6.4,-0.08,0,1,0.49375,6.38,-0.13,0,0.9984375,0.4898438,-2.56,-6.1,0,0.3,0.0234375,-2.68,-5.92,0,0.290625,0.0375,-2.7,-5.87,0,0.2890625,0.04140625,-2.72,-5.83,0,0.2875,0.04453125,-2.74,-5.77,0,0.2859375,0.04921875,-2.76,-5.63,0,0.284375,0.06015625,-2.76,-5.69,0,0.284375,0.05546875,-2.77,-5.6,0,0.2835937,0.0625,-6.38,-0.13,0,0.0015625,0.4898438],[246,1,2,245,170,169,244,243,168,169,168,243,242,168,167,241,167,166,240,166,165,239,165,164,238,158,157,225,226,237,235,237,226,234,235,226,236,235,234,221,222,233,232,233,222,231,233,232,230,231,232,229,231,230,228,229,230,227,229,228,224,227,228,225,227,224,226,225,224,20,21,223,220,223,21,221,223,220,222,221,220,219,16,217,17,217,16,218,217,17,215,217,218,216,217,215,213,216,215,214,213,215,204,213,214,212,213,204,211,212,204,210,211,204,209,210,204,208,209,204,207,208,204,206,207,204,205,206,204,202,205,204,203,202,204,196,202,203,201,202,196,200,201,196,199,200,196,198,199,196,197,198,196,195,197,196,194,195,196,193,195,194,192,193,194,170,193,192,191,170,192,190,170,191,189,170,190,188,170,189,187,170,188,186,170,187,185,170,186,184,170,185,183,170,184,182,170,183,181,170,182,180,170,181,179,170,180,178,170,179,177,170,178,176,170,177,175,170,176,174,170,175,173,170,174,172,170,173,171,170,172,163,170,171,169,170,163,168,169,163,167,168,163,166,167,163,165,166,163,164,165,163,161,164,163,162,161,163,155,161,162,160,161,155,159,160,155,158,159,155,157,158,155,156,157,155,153,156,155,154,153,155,146,153,154,152,153,146,151,152,146,150,151,146,149,150,146,148,149,146,147,148,146,144,147,146,145,144,146,143,144,145,97,144,143,142,97,143,141,97,142,140,97,141,139,97,140,138,97,139,137,97,138,136,97,137,135,97,136,134,97,135,133,97,134,132,97,133,131,97,132,130,97,131,129,97,130,128,97,129,127,97,128,126,97,127,125,97,126,124,97,125,123,97,124,122,97,123,121,97,122,120,97,121,119,97,120,118,97,119,117,97,118,116,97,117,115,97,116,114,97,115,113,97,114,112,97,113,111,97,112,110,97,111,109,97,110,108,97,109,107,97,108,106,97,107,105,97,106,104,97,105,103,97,104,102,97,103,101,97,102,100,97,101,99,97,100,98,97,99,96,97,98,94,97,96,95,94,96,89,94,95,93,94,89,92,93,89,91,92,89,90,91,89,87,90,89,88,87,89,80,87,88,85,87,80,83,85,80,86,85,83,82,83,80,84,83,82,81,82,80,79,81,80,78,79,80,76,79,78,69,76,78,68,69,78,74,76,69,77,76,74,72,74,69,75,74,72,70,72,69,73,72,70,71,70,69,46,69,68,67,46,68,66,46,67,65,46,66,64,46,65,63,46,64,62,46,63,61,46,62,60,46,61,59,46,60,58,46,59,57,46,58,56,46,57,55,46,56,54,46,55,53,46,54,52,46,53,51,46,52,50,46,51,49,46,50,48,46,49,47,46,48,44,46,47,45,46,44,43,45,44,42,43,44,41,43,42,36,41,42,40,41,36,39,40,36,38,39,36,37,38,36,34,37,36,35,34,36,26,34,35,33,34,26,32,33,26,31,32,26,30,31,26,29,30,26,28,29,26,27,28,26,24,27,26,25,24,26,19,24,25,23,24,19,22,23,19,20,22,19,21,20,19,18,6,16,7,16,6,15,16,7,17,16,15,14,2,12,0,12,2,13,12,0,11,12,13,10,12,11,9,10,11,8,10,9,5,8,9,6,8,5,7,6,5,4,3,1,0,1,3,2,1,0],0,0,1,1,0,0,1,1,0,0,0,0,[0,0,0,0],[-6.4,-6.4,6.4,6.4],100,1280,1280,1280,1280,640,640,0,0]},{"id":25208,"path":"Assets/Sprites/2,,.png","assetBundleId":-1,"data":["2,,",32,25234,[0.065,-0.15,0,1.14,0.84,0],[0.605,-0.83,0,0.7510374,0.1327434,0.655,-0.84,0,0.7717842,0.1283186,0.655,-0.83,0,0.7717842,0.1327434,0.595,-0.84,0,0.746888,0.1283186,0.665,-0.83,0,0.7759336,0.1327434,0.715,-0.84,0,0.7966805,0.1283186,0.885,-0.83,0,0.8672199,0.1327434,0.665,-0.84,0,0.7759336,0.1283186,1.035,-0.82,0,0.9294606,0.1371681,1.055,-0.82,0,0.9377593,0.1371681,1.055,-0.8,0,0.9377593,0.1460177,1.025,-0.82,0,0.9253112,0.1371681,1.005,-0.81,0,0.9170125,0.1415929,1.055,-0.01,0,0.9377593,0.4955752,1.045,-0.02,0,0.93361,0.4911504,1.055,-0.03,0,0.9377593,0.4867257,1.055,0.69,0,0.9377593,0.8053097,1.025,-0.74,0,0.9253112,0.1725664,1.005,-0.79,0,0.9170125,0.1504425,-1.075,0.69,0,0.05394188,0.8053097,-1.075,-0.84,0,0.05394188,0.1283186,1.065,0,0,0.9419087,0.5,1.095,-0.04,0,0.9543568,0.4823009,1.095,-0.01,0,0.9543568,0.4955752,1.065,-0.05,0,0.9419087,0.4778761,1.055,-0.74,0,0.9377593,0.1725664,1.065,-0.74,0,0.9419087,0.1725664,1.075,-0.78,0,0.9460581,0.1548673,1.075,-0.75,0,0.9460581,0.1681416,1.205,-0.83,0,1,0.1327434,0.995,-0.99,0,0.9128631,0.0619469,1.205,-0.99,0,1,0.0619469,0.685,-0.96,0,0.7842324,0.07522124,0.665,-0.86,0,0.7759336,0.119469,0.665,-0.91,0,0.7759336,0.09734514,0.645,-0.88,0,0.7676349,0.1106195,0.595,-0.88,0,0.746888,0.1106195,0.585,-0.85,0,0.7427386,0.1238938,1.175,-0.08,0,0.9875519,0.4646018,1.205,-0.15,0,1,0.4336283,1.205,-0.08,0,1,0.4646018,1.165,-0.15,0,0.9834025,0.4336283,1.155,-0.09,0,0.9792531,0.460177,1.155,-0.13,0,0.9792531,0.4424779,1.135,-0.03,0,0.9709544,0.4867257,1.155,-0.05,0,0.9792531,0.4778761,1.125,-0.1,0,0.966805,0.4557522,1.105,-0.04,0,0.9585062,0.4823009,1.105,-0.08,0,0.9585062,0.4646018],[48,47,46,44,46,47,42,46,44,45,42,44,43,42,41,38,41,42,39,41,38,40,39,38,37,3,36,35,36,3,1,35,3,33,35,1,34,33,32,7,32,33,5,32,7,30,32,5,6,30,5,29,30,6,31,30,29,10,25,27,26,27,25,28,27,26,17,14,25,15,25,14,12,18,11,17,11,18,8,11,17,25,8,17,10,8,25,15,13,24,21,24,13,22,24,21,23,22,21,20,19,3,16,3,19,0,3,16,2,0,16,1,2,16,4,1,16,7,1,4,6,4,16,18,6,16,12,6,18,17,18,16,14,17,16,13,14,16,15,14,13,12,11,6,9,6,11,8,9,11,10,9,8,7,4,5,6,5,4,3,0,1,2,1,0],-0.000111031207779888,-0.000336816068738699,0.999888956546783,0.999663174152374,0.0539418756961823,0.0619469024240971,1,0.80530971288681,0,0,0,0,[0,0,0,0],[-1.205,-1.13,1.205,1.13],100,241,226,241,226,120.5,113,13.0267505645752,14.0761203765869]},{"id":25210,"path":"Assets/Sprites/k.png","assetBundleId":-1,"data":["k",32,25236,[0,0,0,0.585,0.175,0],[0.575,0.175,0,0.991453,1,0.585,-0.175,0,1,0,0.585,0.165,0,1,0.9714286,-0.555,0.175,0,0.02564103,1,-0.565,-0.175,0,0.01709402,0,-0.585,0.135,0,3.260425e-8,0.8857143,-0.585,-0.155,0,3.260425e-8,0.05714286],[6,5,4,3,4,5,1,4,3,0,1,3,2,1,0],-0.000228608259931207,0,0.999771416187286,1,3.26042517428959e-8,0,1,1,0,0,0,0,[0,0,0,0],[-0.585,-0.175,0.585,0.175],100,117,35,117,35,58.5,17.5,0.0267509818077087,0]},{"id":25242,"path":"Assets/Sprites/3.png","assetBundleId":-1,"data":["3",32,25244,[0.03,-0.02500001,0,0.53,0.46,0],[0.5,0.375,0,0.8246753,0.8640777,0.56,-0.265,0,0.8636364,0.2427185,0.56,0.285,0,0.8636364,0.776699,0.44,-0.485,0,0.7857143,0.02912621,0.12,0.435,0,0.5779221,0.9223301,-0.09,0.435,0,0.4415585,0.9223301,-0.33,0.295,0,0.2857143,0.7864078,-0.5,0.155,0,0.1753247,0.6504855,-0.5,-0.485,0,0.1753247,0.02912621],[8,7,3,6,3,7,5,3,6,4,3,5,0,3,4,1,3,0,2,1,0],-0.000173701875610277,-0.000259718566667289,0.999826312065125,0.999740302562714,0.175324678421021,0.029126213863492,0.863636374473572,0.92233008146286,0,0,0,0,[0,0,0,0],[-0.77,-0.515,0.77,0.515],100,154,103,154,103,77,51.5,27.0267505645752,3.02675104141235]},{"id":25220,"path":"Assets/Sprites/3,,.png","assetBundleId":-1,"data":["3,,",32,25238,[-0.04499996,-0.155,0,1.13,0.88,0],[-1.095,-0.195,0,0.03404255,0.4093023,-1.135,-0.175,0,0.01702128,0.4186046,-1.095,-0.205,0,0.03404255,0.4046512,-1.125,0.495,0,0.0212766,0.7302325,-1.075,-0.215,0,0.04255316,0.4,-1.095,0.465,0,0.03404255,0.7162791,-1.065,0.475,0,0.04680848,0.7209302,-1.055,-0.505,0,0.05106386,0.2651163,-1.055,0.515,0,0.05106386,0.7395349,-1.015,-0.975,0,0.0680851,0.04651163,-0.985,-1.035,0,0.08085106,0.01860465,-0.905,-0.995,0,0.1148936,0.0372093,-1.155,-1.035,0,0.008510638,0.01860465,-1.035,-0.885,0,0.05957447,0.0883721,-1.175,-0.885,0,3.246551e-8,0.0883721,-1.175,-1.015,0,3.246551e-8,0.02790698,-0.895,-0.885,0,0.1191489,0.0883721,-0.885,-0.985,0,0.1234043,0.04186046,-0.885,-0.895,0,0.1234043,0.08372093,-0.865,-1.005,0,0.1319149,0.03255814,-1.125,-0.515,0,0.0212766,0.2604651,-1.075,0.535,0,0.04255316,0.7488372,-1.095,0.535,0,0.03404255,0.7488372,-1.125,0.505,0,0.0212766,0.7348837,0.985,0.675,0,0.9191489,0.8139535,0.945,0.675,0,0.9021277,0.8139535,0.955,0.665,0,0.906383,0.8093023,1.055,0.675,0,0.9489362,0.8139535,1.085,-0.795,0,0.9617021,0.1302326,1.085,0.655,0,0.9617021,0.8046511,0.995,-0.885,0,0.9234043,0.0883721,0.985,0.705,0,0.9191489,0.827907,-0.665,-0.945,0,0.2170213,0.06046512,-0.675,-1.005,0,0.212766,0.03255814,-0.665,-0.965,0,0.2170213,0.05116279,-1.085,0.675,0,0.03829787,0.8139535,-1.175,0.665,0,3.246551e-8,0.8093023,-1.175,-0.185,0,3.246551e-8,0.4139535,0.965,0.725,0,0.9106383,0.8372093,0.935,0.725,0,0.8978723,0.8372093,0.915,0.705,0,0.8893617,0.827907,0.915,0.695,0,0.8893617,0.8232558],[41,40,25,39,25,40,38,25,39,24,25,38,31,24,38,37,36,1,23,1,36,35,23,36,3,1,23,22,23,35,21,22,35,25,21,35,8,21,25,13,8,25,16,13,25,18,16,25,19,18,25,32,19,25,33,19,32,34,33,32,30,32,25,26,30,25,24,30,26,31,30,24,27,30,31,28,30,27,29,28,27,26,25,24,3,23,5,22,5,23,6,5,22,21,6,22,8,6,21,20,7,13,8,13,7,11,17,19,18,19,17,13,16,9,11,9,16,17,11,16,18,17,16,15,14,12,13,12,14,9,12,13,10,12,9,11,10,9,2,4,7,6,7,4,8,7,6,3,5,0,4,0,5,6,4,5,2,0,4,3,0,1,2,1,0],3.24655076155977e-8,-0.00019957082986366,1,0.999800443649292,3.24655076155977e-8,0.018604651093483,0.961702108383179,0.837209284305573,0,0,0,0,[0,0,0,0],[-1.175,-1.075,1.175,1.075],100,235,215,235,215,117.5,107.5,0,4.04290771484375]},{"id":25248,"path":"Assets/Sprites/2.png","assetBundleId":-1,"data":["2",32,25250,[-0.01999998,-0.03,0,0.625,0.425,0],[0.605,0.395,0,0.8954248,0.8910891,0.555,-0.455,0,0.8627451,0.04950495,0.605,-0.445,0,0.8954248,0.05940594,-0.485,0.395,0,0.1830065,0.8910891,-0.645,-0.065,0,0.07843138,0.4356436,-0.645,-0.455,0,0.07843138,0.04950495],[5,4,1,3,1,4,0,1,3,2,1,0],-0.000129322943394072,-0.00026486165006645,0.999870657920837,0.999735116958618,0.0784313753247261,0.0495049506425858,0.895424842834473,0.891089081764221,0,0,0,0,[0,0,0,0],[-0.765,-0.505,0.765,0.505],100,153,101,153,101,76.5,50.5,12.0197868347168,5.02675104141235]},{"id":25254,"path":"Assets/Sprites/1.png","assetBundleId":-1,"data":["1",32,25256,[0.145,-0.045,0,0.605,0.4,0],[0.72,0.095,0,0.98,0.5979381,0.75,-0.085,0,1,0.4123711,0.75,0.065,0,1,0.5670103,0.67,0.075,0,0.9466667,0.5773196,0.31,-0.445,0,0.7066666,0.04123711,0.12,0.355,0,0.58,0.8659794,0.09,-0.445,0,0.56,0.04123711,-0.04,0.355,0,0.4733333,0.8659794,-0.09,0.285,0,0.44,0.7938144,-0.39,0.355,0,0.24,0.8659794,-0.44,-0.335,0,0.2066667,0.1546392,-0.46,0.025,0,0.1933333,0.5257732,-0.46,-0.315,0,0.1933333,0.1752577],[12,11,10,9,10,11,6,10,9,8,6,9,7,6,8,5,6,7,4,6,5,3,4,5,1,4,3,0,1,3,2,1,0],-0.000507474760524929,-0.000275785190751776,0.999492526054382,0.999724209308624,0.193333327770233,0.0412371121346951,1,0.865979373455048,0,0,0,0,[0,0,0,0],[-0.75,-0.485,0.75,0.485],100,150,97,150,97,75,48.5,29.0761203765869,4.02675104141235]}],"textures":[{"id":24860,"type":3,"path":"Assets/Video/New Render Texture.renderTexture","assetBundleId":-1,"data":["New Render Texture",1080,1920,0,1,0,8,94,0,32,1,1]},{"id":25228,"type":0,"path":"Assets/Sprites/Снимок экрана 2025-04-05 162541.png","assetBundleId":-1,"data":["Снимок экрана 2025-04-05 162541",135,170,1,1,1,0,4,1,1,1,4,1,1,1,1]},{"id":1000486,"assetBundleId":-1,"type":0,"data":[null,1024,1024,10,1,1,false,4,1]},{"id":25230,"type":0,"path":"Assets/Sprites/up.png","assetBundleId":-1,"data":["up",512,512,1,1,1,0,12,1,1,1,100,1,1,1,1]},{"id":25232,"type":0,"path":"Assets/Sprites/1,,.png","assetBundleId":-1,"data":["1,,",234,199,1,1,1,0,4,1,1,1,4,1,1,1,1]},{"id":25236,"type":0,"path":"Assets/Sprites/k.png","assetBundleId":-1,"data":["k",117,35,1,1,1,0,4,1,1,1,4,1,1,1,1]},{"id":25234,"type":0,"path":"Assets/Sprites/2,,.png","assetBundleId":-1,"data":["2,,",241,226,1,1,1,0,4,1,1,1,4,1,1,1,1]},{"id":25238,"type":0,"path":"Assets/Sprites/3,,.png","assetBundleId":-1,"data":["3,,",235,215,1,1,1,0,4,1,1,1,4,1,1,1,1]},{"id":25244,"type":0,"path":"Assets/Sprites/3.png","assetBundleId":-1,"data":["3",154,103,1,1,1,0,4,1,1,1,4,1,1,1,1]},{"id":25250,"type":0,"path":"Assets/Sprites/2.png","assetBundleId":-1,"data":["2",153,101,1,1,1,0,4,1,1,1,4,1,1,1,1]},{"id":25256,"type":0,"path":"Assets/Sprites/1.png","assetBundleId":-1,"data":["1",150,97,1,1,1,0,4,1,1,1,4,1,1,1,1]}]}